route_id,origin_id,destination_id,node_id,point_number,point_type
1,121955469,57844131,57844131,1,destination
1,121955469,57844131,121955469,2,origin
2,60181031,483561169,483561169,1,destination
2,60181031,483561169,918209348,2,other
2,60181031,483561169,918544568,3,other
2,60181031,483561169,53657788,4,other
2,60181031,483561169,853788440,5,other
2,60181031,483561169,60181031,6,origin
3,923117674,316419034,316419034,1,destination
3,923117674,316419034,918209348,2,other
3,923117674,316419034,918544568,3,other
3,923117674,316419034,314585116,4,other
3,923117674,316419034,923117674,5,origin
4,688983600,57844131,57844131,1,destination
4,688983600,57844131,918209348,2,other
4,688983600,57844131,832722601,3,other
4,688983600,57844131,387175347,4,other
4,688983600,57844131,180858621,5,other
4,688983600,57844131,688983600,6,origin
5,195343551,581313122,581313122,1,destination
5,195343551,581313122,20404874,2,other
5,195343551,581313122,918544568,3,other
5,195343551,581313122,314585116,4,other
5,195343551,581313122,163230001,5,other
5,195343551,581313122,195343551,6,origin
6,911087259,57844131,57844131,1,destination
6,911087259,57844131,918209348,2,other
6,911087259,57844131,918544568,3,other
6,911087259,57844131,53657788,4,other
6,911087259,57844131,911087259,5,origin
7,581456121,316419034,316419034,1,destination
7,581456121,316419034,179552971,2,other
7,581456121,316419034,581456121,3,origin
8,254121760,993578920,993578920,1,destination
8,254121760,993578920,918209348,2,other
8,254121760,993578920,918544568,3,other
8,254121760,993578920,314585116,4,other
8,254121760,993578920,163230001,5,other
8,254121760,993578920,419974127,6,other
8,254121760,993578920,254121760,7,origin
9,977818249,483561169,483561169,1,destination
9,977818249,483561169,918209348,2,other
9,977818249,483561169,918544568,3,other
9,977818249,483561169,53657788,4,other
9,977818249,483561169,977818249,5,origin
10,816569071,483561169,483561169,1,destination
10,816569071,483561169,918209348,2,other
10,816569071,483561169,832722601,3,other
10,816569071,483561169,387175347,4,other
10,816569071,483561169,816569071,5,origin
11,801371964,57844131,57844131,1,destination
11,801371964,57844131,918209348,2,other
11,801371964,57844131,918544568,3,other
11,801371964,57844131,314585116,4,other
11,801371964,57844131,163230001,5,other
11,801371964,57844131,801371964,6,origin
12,28049792,483561169,483561169,1,destination
12,28049792,483561169,918209348,2,other
12,28049792,483561169,832722601,3,other
12,28049792,483561169,387175347,4,other
12,28049792,483561169,28049792,5,origin
13,19271566,993578920,993578920,1,destination
13,19271566,993578920,918209348,2,other
13,19271566,993578920,832722601,3,other
13,19271566,993578920,387175347,4,other
13,19271566,993578920,180858621,5,other
13,19271566,993578920,19271566,6,origin
14,28049792,993578920,993578920,1,destination
14,28049792,993578920,918209348,2,other
14,28049792,993578920,832722601,3,other
14,28049792,993578920,387175347,4,other
14,28049792,993578920,28049792,5,origin
15,779715387,483561169,483561169,1,destination
15,779715387,483561169,779715387,2,origin
16,911087259,993578920,993578920,1,destination
16,911087259,993578920,918209348,2,other
16,911087259,993578920,918544568,3,other
16,911087259,993578920,53657788,4,other
16,911087259,993578920,911087259,5,origin
17,213341250,993578920,993578920,1,destination
17,213341250,993578920,918209348,2,other
17,213341250,993578920,918544568,3,other
17,213341250,993578920,53657788,4,other
17,213341250,993578920,853788440,5,other
17,213341250,993578920,213341250,6,origin
18,211284884,57844131,57844131,1,destination
18,211284884,57844131,918209348,2,other
18,211284884,57844131,918544568,3,other
18,211284884,57844131,314585116,4,other
18,211284884,57844131,163230001,5,other
18,211284884,57844131,419974127,6,other
18,211284884,57844131,211284884,7,origin
19,211284884,581313122,581313122,1,destination
19,211284884,581313122,20404874,2,other
19,211284884,581313122,918544568,3,other
19,211284884,581313122,314585116,4,other
19,211284884,581313122,163230001,5,other
19,211284884,581313122,419974127,6,other
19,211284884,581313122,211284884,7,origin
20,756320960,581313122,581313122,1,destination
20,756320960,581313122,756320960,2,origin
21,688983600,316419034,316419034,1,destination
21,688983600,316419034,918209348,2,other
21,688983600,316419034,832722601,3,other
21,688983600,316419034,387175347,4,other
21,688983600,316419034,180858621,5,other
21,688983600,316419034,688983600,6,origin
22,987683090,993578920,993578920,1,destination
22,987683090,993578920,918209348,2,other
22,987683090,993578920,918544568,3,other
22,987683090,993578920,314585116,4,other
22,987683090,993578920,163230001,5,other
22,987683090,993578920,987683090,6,origin
23,919854899,483561169,483561169,1,destination
23,919854899,483561169,918209348,2,other
23,919854899,483561169,832722601,3,other
23,919854899,483561169,387175347,4,other
23,919854899,483561169,919854899,5,origin
24,919854899,57844131,57844131,1,destination
24,919854899,57844131,918209348,2,other
24,919854899,57844131,832722601,3,other
24,919854899,57844131,387175347,4,other
24,919854899,57844131,919854899,5,origin
25,731584786,57844131,57844131,1,destination
25,731584786,57844131,918209348,2,other
25,731584786,57844131,918544568,3,other
25,731584786,57844131,53657788,4,other
25,731584786,57844131,853788440,5,other
25,731584786,57844131,731584786,6,origin
26,987033478,483561169,483561169,1,destination
26,987033478,483561169,987033478,2,origin
27,911087259,483561169,483561169,1,destination
27,911087259,483561169,918209348,2,other
27,911087259,483561169,918544568,3,other
27,911087259,483561169,53657788,4,other
27,911087259,483561169,911087259,5,origin
28,992268167,483561169,483561169,1,destination
28,992268167,483561169,918209348,2,other
28,992268167,483561169,918544568,3,other
28,992268167,483561169,53657788,4,other
28,992268167,483561169,188609814,5,other
28,992268167,483561169,832722601,6,other
28,992268167,483561169,387175347,7,other
28,992268167,483561169,992268167,8,origin
29,614789091,483561169,483561169,1,destination
29,614789091,483561169,918209348,2,other
29,614789091,483561169,832722601,3,other
29,614789091,483561169,387175347,4,other
29,614789091,483561169,614789091,5,origin
30,31326096,483561169,483561169,1,destination
30,31326096,483561169,918209348,2,other
30,31326096,483561169,918544568,3,other
30,31326096,483561169,53657788,4,other
30,31326096,483561169,31326096,5,origin
31,615472538,316419034,316419034,1,destination
31,615472538,316419034,918209348,2,other
31,615472538,316419034,918544568,3,other
31,615472538,316419034,53657788,4,other
31,615472538,316419034,615472538,5,origin
32,662491052,483561169,483561169,1,destination
32,662491052,483561169,918209348,2,other
32,662491052,483561169,832722601,3,other
32,662491052,483561169,387175347,4,other
32,662491052,483561169,662491052,5,origin
33,581545898,483561169,483561169,1,destination
33,581545898,483561169,918209348,2,other
33,581545898,483561169,918544568,3,other
33,581545898,483561169,53657788,4,other
33,581545898,483561169,853788440,5,other
33,581545898,483561169,581545898,6,origin
34,955465255,483561169,483561169,1,destination
34,955465255,483561169,918209348,2,other
34,955465255,483561169,832722601,3,other
34,955465255,483561169,387175347,4,other
34,955465255,483561169,955465255,5,origin
35,740030713,57844131,57844131,1,destination
35,740030713,57844131,918209348,2,other
35,740030713,57844131,832722601,3,other
35,740030713,57844131,387175347,4,other
35,740030713,57844131,740030713,5,origin
36,964369397,57844131,57844131,1,destination
36,964369397,57844131,918209348,2,other
36,964369397,57844131,832722601,3,other
36,964369397,57844131,387175347,4,other
36,964369397,57844131,964369397,5,origin
37,117724745,316419034,316419034,1,destination
37,117724745,316419034,918209348,2,other
37,117724745,316419034,918544568,3,other
37,117724745,316419034,314585116,4,other
37,117724745,316419034,163230001,5,other
37,117724745,316419034,419974127,6,other
37,117724745,316419034,117724745,7,origin
38,582082698,316419034,316419034,1,destination
38,582082698,316419034,918209348,2,other
38,582082698,316419034,918544568,3,other
38,582082698,316419034,314585116,4,other
38,582082698,316419034,163230001,5,other
38,582082698,316419034,582082698,6,origin
39,816569071,316419034,316419034,1,destination
39,816569071,316419034,918209348,2,other
39,816569071,316419034,832722601,3,other
39,816569071,316419034,387175347,4,other
39,816569071,316419034,816569071,5,origin
40,28049792,316419034,316419034,1,destination
40,28049792,316419034,918209348,2,other
40,28049792,316419034,832722601,3,other
40,28049792,316419034,387175347,4,other
40,28049792,316419034,28049792,5,origin
41,531723235,483561169,483561169,1,destination
41,531723235,483561169,918209348,2,other
41,531723235,483561169,832722601,3,other
41,531723235,483561169,387175347,4,other
41,531723235,483561169,531723235,5,origin
42,531723235,993578920,993578920,1,destination
42,531723235,993578920,918209348,2,other
42,531723235,993578920,832722601,3,other
42,531723235,993578920,387175347,4,other
42,531723235,993578920,531723235,5,origin
43,587954344,993578920,993578920,1,destination
43,587954344,993578920,918209348,2,other
43,587954344,993578920,918544568,3,other
43,587954344,993578920,53657788,4,other
43,587954344,993578920,853788440,5,other
43,587954344,993578920,587954344,6,origin
44,248825544,581313122,581313122,1,destination
44,248825544,581313122,248825544,2,origin
45,274312922,57844131,57844131,1,destination
45,274312922,57844131,918209348,2,other
45,274312922,57844131,832722601,3,other
45,274312922,57844131,387175347,4,other
45,274312922,57844131,274312922,5,origin
46,559786200,993578920,993578920,1,destination
46,559786200,993578920,918209348,2,other
46,559786200,993578920,832722601,3,other
46,559786200,993578920,387175347,4,other
46,559786200,993578920,559786200,5,origin
47,613984115,57844131,57844131,1,destination
47,613984115,57844131,918209348,2,other
47,613984115,57844131,918544568,3,other
47,613984115,57844131,53657788,4,other
47,613984115,57844131,613984115,5,origin
48,467258853,483561169,483561169,1,destination
48,467258853,483561169,918209348,2,other
48,467258853,483561169,832722601,3,other
48,467258853,483561169,387175347,4,other
48,467258853,483561169,467258853,5,origin
49,467258853,993578920,993578920,1,destination
49,467258853,993578920,918209348,2,other
49,467258853,993578920,832722601,3,other
49,467258853,993578920,387175347,4,other
49,467258853,993578920,467258853,5,origin
50,923117674,993578920,993578920,1,destination
50,923117674,993578920,918209348,2,other
50,923117674,993578920,918544568,3,other
50,923117674,993578920,314585116,4,other
50,923117674,993578920,923117674,5,origin
51,910685645,993578920,993578920,1,destination
51,910685645,993578920,918209348,2,other
51,910685645,993578920,832722601,3,other
51,910685645,993578920,387175347,4,other
51,910685645,993578920,910685645,5,origin
52,211200112,483561169,483561169,1,destination
52,211200112,483561169,918209348,2,other
52,211200112,483561169,918544568,3,other
52,211200112,483561169,314585116,4,other
52,211200112,483561169,163230001,5,other
52,211200112,483561169,419974127,6,other
52,211200112,483561169,211200112,7,origin
53,181867470,581313122,581313122,1,destination
53,181867470,581313122,20404874,2,other
53,181867470,581313122,918544568,3,other
53,181867470,581313122,314585116,4,other
53,181867470,581313122,163230001,5,other
53,181867470,581313122,419974127,6,other
53,181867470,581313122,181867470,7,origin
54,468536876,483561169,483561169,1,destination
54,468536876,483561169,918209348,2,other
54,468536876,483561169,918544568,3,other
54,468536876,483561169,53657788,4,other
54,468536876,483561169,468536876,5,origin
55,275066871,483561169,483561169,1,destination
55,275066871,483561169,918209348,2,other
55,275066871,483561169,832722601,3,other
55,275066871,483561169,387175347,4,other
55,275066871,483561169,275066871,5,origin
56,559786200,483561169,483561169,1,destination
56,559786200,483561169,918209348,2,other
56,559786200,483561169,832722601,3,other
56,559786200,483561169,387175347,4,other
56,559786200,483561169,559786200,5,origin
57,776622776,993578920,993578920,1,destination
57,776622776,993578920,918209348,2,other
57,776622776,993578920,832722601,3,other
57,776622776,993578920,387175347,4,other
57,776622776,993578920,776622776,5,origin
58,590063067,993578920,993578920,1,destination
58,590063067,993578920,918209348,2,other
58,590063067,993578920,832722601,3,other
58,590063067,993578920,387175347,4,other
58,590063067,993578920,590063067,5,origin
59,411359761,993578920,993578920,1,destination
59,411359761,993578920,918209348,2,other
59,411359761,993578920,918544568,3,other
59,411359761,993578920,53657788,4,other
59,411359761,993578920,853788440,5,other
59,411359761,993578920,411359761,6,origin
60,712152638,993578920,993578920,1,destination
60,712152638,993578920,918209348,2,other
60,712152638,993578920,918544568,3,other
60,712152638,993578920,53657788,4,other
60,712152638,993578920,712152638,5,origin
61,285117451,581313122,581313122,1,destination
61,285117451,581313122,20404874,2,other
61,285117451,581313122,918544568,3,other
61,285117451,581313122,53657788,4,other
61,285117451,581313122,285117451,5,origin
62,571395758,57844131,57844131,1,destination
62,571395758,57844131,918209348,2,other
62,571395758,57844131,918544568,3,other
62,571395758,57844131,53657788,4,other
62,571395758,57844131,571395758,5,origin
63,22051458,483561169,483561169,1,destination
63,22051458,483561169,918209348,2,other
63,22051458,483561169,918544568,3,other
63,22051458,483561169,314585116,4,other
63,22051458,483561169,163230001,5,other
63,22051458,483561169,419974127,6,other
63,22051458,483561169,22051458,7,origin
64,664615293,316419034,316419034,1,destination
64,664615293,316419034,918209348,2,other
64,664615293,316419034,918544568,3,other
64,664615293,316419034,53657788,4,other
64,664615293,316419034,664615293,5,origin
65,211284884,483561169,483561169,1,destination
65,211284884,483561169,918209348,2,other
65,211284884,483561169,918544568,3,other
65,211284884,483561169,314585116,4,other
65,211284884,483561169,163230001,5,other
65,211284884,483561169,419974127,6,other
65,211284884,483561169,211284884,7,origin
66,510226046,483561169,483561169,1,destination
66,510226046,483561169,918209348,2,other
66,510226046,483561169,832722601,3,other
66,510226046,483561169,387175347,4,other
66,510226046,483561169,510226046,5,origin
67,964369397,483561169,483561169,1,destination
67,964369397,483561169,918209348,2,other
67,964369397,483561169,832722601,3,other
67,964369397,483561169,387175347,4,other
67,964369397,483561169,964369397,5,origin
68,199726318,57844131,57844131,1,destination
68,199726318,57844131,918209348,2,other
68,199726318,57844131,918544568,3,other
68,199726318,57844131,314585116,4,other
68,199726318,57844131,163230001,5,other
68,199726318,57844131,199726318,6,origin
69,761958479,483561169,483561169,1,destination
69,761958479,483561169,179552971,2,other
69,761958479,483561169,761958479,3,origin
70,551232467,993578920,993578920,1,destination
70,551232467,993578920,918209348,2,other
70,551232467,993578920,918544568,3,other
70,551232467,993578920,53657788,4,other
70,551232467,993578920,551232467,5,origin
71,689282245,993578920,993578920,1,destination
71,689282245,993578920,918209348,2,other
71,689282245,993578920,918544568,3,other
71,689282245,993578920,314585116,4,other
71,689282245,993578920,689282245,5,origin
72,121955469,483561169,483561169,1,destination
72,121955469,483561169,121955469,2,origin
73,131570568,57844131,57844131,1,destination
73,131570568,57844131,918209348,2,other
73,131570568,57844131,918544568,3,other
73,131570568,57844131,314585116,4,other
73,131570568,57844131,131570568,5,origin
74,910685645,483561169,483561169,1,destination
74,910685645,483561169,918209348,2,other
74,910685645,483561169,832722601,3,other
74,910685645,483561169,387175347,4,other
74,910685645,483561169,910685645,5,origin
75,676086880,483561169,483561169,1,destination
75,676086880,483561169,918209348,2,other
75,676086880,483561169,832722601,3,other
75,676086880,483561169,387175347,4,other
75,676086880,483561169,676086880,5,origin
76,803454637,581313122,581313122,1,destination
76,803454637,581313122,20404874,2,other
76,803454637,581313122,918544568,3,other
76,803454637,581313122,314585116,4,other
76,803454637,581313122,163230001,5,other
76,803454637,581313122,419974127,6,other
76,803454637,581313122,803454637,7,origin
77,127079249,57844131,57844131,1,destination
77,127079249,57844131,918209348,2,other
77,127079249,57844131,918544568,3,other
77,127079249,57844131,53657788,4,other
77,127079249,57844131,127079249,5,origin
78,268579934,483561169,483561169,1,destination
78,268579934,483561169,918209348,2,other
78,268579934,483561169,832722601,3,other
78,268579934,483561169,387175347,4,other
78,268579934,483561169,268579934,5,origin
79,121955469,993578920,993578920,1,destination
79,121955469,993578920,918209348,2,other
79,121955469,993578920,918544568,3,other
79,121955469,993578920,314585116,4,other
79,121955469,993578920,163230001,5,other
79,121955469,993578920,121955469,6,origin
80,25551986,483561169,483561169,1,destination
80,25551986,483561169,918209348,2,other
80,25551986,483561169,832722601,3,other
80,25551986,483561169,387175347,4,other
80,25551986,483561169,25551986,5,origin
81,213341250,57844131,57844131,1,destination
81,213341250,57844131,918209348,2,other
81,213341250,57844131,918544568,3,other
81,213341250,57844131,53657788,4,other
81,213341250,57844131,853788440,5,other
81,213341250,57844131,213341250,6,origin
82,131570568,483561169,483561169,1,destination
82,131570568,483561169,918209348,2,other
82,131570568,483561169,918544568,3,other
82,131570568,483561169,314585116,4,other
82,131570568,483561169,131570568,5,origin
83,963128393,57844131,57844131,1,destination
83,963128393,57844131,918209348,2,other
83,963128393,57844131,918544568,3,other
83,963128393,57844131,314585116,4,other
83,963128393,57844131,163230001,5,other
83,963128393,57844131,419974127,6,other
83,963128393,57844131,963128393,7,origin
84,623887493,316419034,316419034,1,destination
84,623887493,316419034,918209348,2,other
84,623887493,316419034,918544568,3,other
84,623887493,316419034,53657788,4,other
84,623887493,316419034,623887493,5,origin
85,255866357,581313122,581313122,1,destination
85,255866357,581313122,20404874,2,other
85,255866357,581313122,918544568,3,other
85,255866357,581313122,53657788,4,other
85,255866357,581313122,255866357,5,origin
86,227473958,581313122,581313122,1,destination
86,227473958,581313122,20404874,2,other
86,227473958,581313122,918544568,3,other
86,227473958,581313122,53657788,4,other
86,227473958,581313122,227473958,5,origin
87,998838758,993578920,993578920,1,destination
87,998838758,993578920,918209348,2,other
87,998838758,993578920,918544568,3,other
87,998838758,993578920,314585116,4,other
87,998838758,993578920,163230001,5,other
87,998838758,993578920,419974127,6,other
87,998838758,993578920,998838758,7,origin
88,664615293,993578920,993578920,1,destination
88,664615293,993578920,918209348,2,other
88,664615293,993578920,918544568,3,other
88,664615293,993578920,53657788,4,other
88,664615293,993578920,853788440,5,other
88,664615293,993578920,664615293,6,origin
89,97202959,483561169,483561169,1,destination
89,97202959,483561169,918209348,2,other
89,97202959,483561169,832722601,3,other
89,97202959,483561169,387175347,4,other
89,97202959,483561169,97202959,5,origin
90,725901106,483561169,483561169,1,destination
90,725901106,483561169,725901106,2,origin
91,740030713,483561169,483561169,1,destination
91,740030713,483561169,918209348,2,other
91,740030713,483561169,832722601,3,other
91,740030713,483561169,387175347,4,other
91,740030713,483561169,740030713,5,origin
92,3654140,57844131,57844131,1,destination
92,3654140,57844131,918209348,2,other
92,3654140,57844131,918544568,3,other
92,3654140,57844131,53657788,4,other
92,3654140,57844131,3654140,5,origin
93,678462586,57844131,57844131,1,destination
93,678462586,57844131,678462586,2,origin
94,21332992,57844131,57844131,1,destination
94,21332992,57844131,918209348,2,other
94,21332992,57844131,918544568,3,other
94,21332992,57844131,53657788,4,other
94,21332992,57844131,853788440,5,other
94,21332992,57844131,21332992,6,origin
95,657538482,993578920,993578920,1,destination
95,657538482,993578920,918209348,2,other
95,657538482,993578920,918544568,3,other
95,657538482,993578920,53657788,4,other
95,657538482,993578920,853788440,5,other
95,657538482,993578920,657538482,6,origin
96,3654140,483561169,483561169,1,destination
96,3654140,483561169,918209348,2,other
96,3654140,483561169,918544568,3,other
96,3654140,483561169,53657788,4,other
96,3654140,483561169,3654140,5,origin
97,520652348,57844131,57844131,1,destination
97,520652348,57844131,918209348,2,other
97,520652348,57844131,918544568,3,other
97,520652348,57844131,53657788,4,other
97,520652348,57844131,520652348,5,origin
98,468536876,57844131,57844131,1,destination
98,468536876,57844131,468536876,2,origin
99,910685645,57844131,57844131,1,destination
99,910685645,57844131,918209348,2,other
99,910685645,57844131,832722601,3,other
99,910685645,57844131,387175347,4,other
99,910685645,57844131,910685645,5,origin
100,758193313,316419034,316419034,1,destination
100,758193313,316419034,758193313,2,origin
101,513302459,316419034,316419034,1,destination
101,513302459,316419034,918209348,2,other
101,513302459,316419034,918544568,3,other
101,513302459,316419034,53657788,4,other
101,513302459,316419034,853788440,5,other
101,513302459,316419034,513302459,6,origin
102,3654140,993578920,993578920,1,destination
102,3654140,993578920,918209348,2,other
102,3654140,993578920,918544568,3,other
102,3654140,993578920,314585116,4,other
102,3654140,993578920,163230001,5,other
102,3654140,993578920,419974127,6,other
102,3654140,993578920,3654140,7,origin
103,834078589,483561169,483561169,1,destination
103,834078589,483561169,918209348,2,other
103,834078589,483561169,832722601,3,other
103,834078589,483561169,387175347,4,other
103,834078589,483561169,834078589,5,origin
104,24534301,57844131,57844131,1,destination
104,24534301,57844131,918209348,2,other
104,24534301,57844131,832722601,3,other
104,24534301,57844131,387175347,4,other
104,24534301,57844131,24534301,5,origin
105,480500311,483561169,483561169,1,destination
105,480500311,483561169,918209348,2,other
105,480500311,483561169,832722601,3,other
105,480500311,483561169,387175347,4,other
105,480500311,483561169,480500311,5,origin
106,718365076,483561169,483561169,1,destination
106,718365076,483561169,918209348,2,other
106,718365076,483561169,918544568,3,other
106,718365076,483561169,314585116,4,other
106,718365076,483561169,163230001,5,other
106,718365076,483561169,419974127,6,other
106,718365076,483561169,718365076,7,origin
107,713150620,483561169,483561169,1,destination
107,713150620,483561169,179552971,2,other
107,713150620,483561169,713150620,3,origin
108,303114392,483561169,483561169,1,destination
108,303114392,483561169,918209348,2,other
108,303114392,483561169,832722601,3,other
108,303114392,483561169,387175347,4,other
108,303114392,483561169,303114392,5,origin
109,228466308,57844131,57844131,1,destination
109,228466308,57844131,228466308,2,origin
110,510226046,993578920,993578920,1,destination
110,510226046,993578920,918209348,2,other
110,510226046,993578920,832722601,3,other
110,510226046,993578920,387175347,4,other
110,510226046,993578920,510226046,5,origin
111,153981703,483561169,483561169,1,destination
111,153981703,483561169,179552971,2,other
111,153981703,483561169,153981703,3,origin
112,590063067,483561169,483561169,1,destination
112,590063067,483561169,918209348,2,other
112,590063067,483561169,832722601,3,other
112,590063067,483561169,387175347,4,other
112,590063067,483561169,590063067,5,origin
113,591669998,316419034,316419034,1,destination
113,591669998,316419034,918209348,2,other
113,591669998,316419034,832722601,3,other
113,591669998,316419034,387175347,4,other
113,591669998,316419034,591669998,5,origin
114,1084956,316419034,316419034,1,destination
114,1084956,316419034,918209348,2,other
114,1084956,316419034,832722601,3,other
114,1084956,316419034,387175347,4,other
114,1084956,316419034,1084956,5,origin
115,922418600,581313122,581313122,1,destination
115,922418600,581313122,20404874,2,other
115,922418600,581313122,918544568,3,other
115,922418600,581313122,53657788,4,other
115,922418600,581313122,922418600,5,origin
116,712203973,316419034,316419034,1,destination
116,712203973,316419034,918209348,2,other
116,712203973,316419034,918544568,3,other
116,712203973,316419034,53657788,4,other
116,712203973,316419034,712203973,5,origin
117,917814316,316419034,316419034,1,destination
117,917814316,316419034,918209348,2,other
117,917814316,316419034,832722601,3,other
117,917814316,316419034,387175347,4,other
117,917814316,316419034,917814316,5,origin
118,462588445,316419034,316419034,1,destination
118,462588445,316419034,918209348,2,other
118,462588445,316419034,918544568,3,other
118,462588445,316419034,53657788,4,other
118,462588445,316419034,462588445,5,origin
119,248825544,316419034,316419034,1,destination
119,248825544,316419034,918209348,2,other
119,248825544,316419034,918544568,3,other
119,248825544,316419034,314585116,4,other
119,248825544,316419034,163230001,5,other
119,248825544,316419034,419974127,6,other
119,248825544,316419034,248825544,7,origin
120,362859666,316419034,316419034,1,destination
120,362859666,316419034,918209348,2,other
120,362859666,316419034,918544568,3,other
120,362859666,316419034,314585116,4,other
120,362859666,316419034,163230001,5,other
120,362859666,316419034,419974127,6,other
120,362859666,316419034,362859666,7,origin
121,950530832,316419034,316419034,1,destination
121,950530832,316419034,918209348,2,other
121,950530832,316419034,918544568,3,other
121,950530832,316419034,53657788,4,other
121,950530832,316419034,950530832,5,origin
122,689282245,581313122,581313122,1,destination
122,689282245,581313122,20404874,2,other
122,689282245,581313122,918544568,3,other
122,689282245,581313122,314585116,4,other
122,689282245,581313122,689282245,5,origin
123,995389961,581313122,581313122,1,destination
123,995389961,581313122,20404874,2,other
123,995389961,581313122,918544568,3,other
123,995389961,581313122,314585116,4,other
123,995389961,581313122,163230001,5,other
123,995389961,581313122,419974127,6,other
123,995389961,581313122,995389961,7,origin
124,974574588,581313122,581313122,1,destination
124,974574588,581313122,20404874,2,other
124,974574588,581313122,918544568,3,other
124,974574588,581313122,53657788,4,other
124,974574588,581313122,974574588,5,origin
125,392558375,57844131,57844131,1,destination
125,392558375,57844131,918209348,2,other
125,392558375,57844131,832722601,3,other
125,392558375,57844131,387175347,4,other
125,392558375,57844131,392558375,5,origin
126,803454637,483561169,483561169,1,destination
126,803454637,483561169,803454637,2,origin
127,171648541,581313122,581313122,1,destination
127,171648541,581313122,20404874,2,other
127,171648541,581313122,918544568,3,other
127,171648541,581313122,53657788,4,other
127,171648541,581313122,853788440,5,other
127,171648541,581313122,171648541,6,origin
128,634932056,316419034,316419034,1,destination
128,634932056,316419034,179552971,2,other
128,634932056,316419034,634932056,3,origin
129,67201145,57844131,57844131,1,destination
129,67201145,57844131,918209348,2,other
129,67201145,57844131,918544568,3,other
129,67201145,57844131,53657788,4,other
129,67201145,57844131,67201145,5,origin
130,204162288,316419034,316419034,1,destination
130,204162288,316419034,918209348,2,other
130,204162288,316419034,918544568,3,other
130,204162288,316419034,53657788,4,other
130,204162288,316419034,204162288,5,origin
131,190302748,993578920,993578920,1,destination
131,190302748,993578920,918209348,2,other
131,190302748,993578920,832722601,3,other
131,190302748,993578920,387175347,4,other
131,190302748,993578920,190302748,5,origin
132,898547566,57844131,57844131,1,destination
132,898547566,57844131,898547566,2,origin
133,169204952,483561169,483561169,1,destination
133,169204952,483561169,918209348,2,other
133,169204952,483561169,918544568,3,other
133,169204952,483561169,53657788,4,other
133,169204952,483561169,853788440,5,other
133,169204952,483561169,169204952,6,origin
134,298165647,316419034,316419034,1,destination
134,298165647,316419034,918209348,2,other
134,298165647,316419034,832722601,3,other
134,298165647,316419034,387175347,4,other
134,298165647,316419034,298165647,5,origin
135,131570568,316419034,316419034,1,destination
135,131570568,316419034,918209348,2,other
135,131570568,316419034,918544568,3,other
135,131570568,316419034,314585116,4,other
135,131570568,316419034,131570568,5,origin
136,446680672,316419034,316419034,1,destination
136,446680672,316419034,918209348,2,other
136,446680672,316419034,832722601,3,other
136,446680672,316419034,387175347,4,other
136,446680672,316419034,446680672,5,origin
137,391949991,316419034,316419034,1,destination
137,391949991,316419034,918209348,2,other
137,391949991,316419034,832722601,3,other
137,391949991,316419034,387175347,4,other
137,391949991,316419034,391949991,5,origin
138,614789091,316419034,316419034,1,destination
138,614789091,316419034,918209348,2,other
138,614789091,316419034,832722601,3,other
138,614789091,316419034,387175347,4,other
138,614789091,316419034,614789091,5,origin
139,31326096,316419034,316419034,1,destination
139,31326096,316419034,31326096,2,origin
140,377058569,57844131,57844131,1,destination
140,377058569,57844131,918209348,2,other
140,377058569,57844131,832722601,3,other
140,377058569,57844131,387175347,4,other
140,377058569,57844131,377058569,5,origin
141,798682395,57844131,57844131,1,destination
141,798682395,57844131,798682395,2,origin
142,803454637,57844131,57844131,1,destination
142,803454637,57844131,803454637,2,origin
143,492762922,57844131,57844131,1,destination
143,492762922,57844131,918209348,2,other
143,492762922,57844131,918544568,3,other
143,492762922,57844131,53657788,4,other
143,492762922,57844131,492762922,5,origin
144,492762922,483561169,483561169,1,destination
144,492762922,483561169,918209348,2,other
144,492762922,483561169,918544568,3,other
144,492762922,483561169,53657788,4,other
144,492762922,483561169,492762922,5,origin
145,955465255,993578920,993578920,1,destination
145,955465255,993578920,918209348,2,other
145,955465255,993578920,832722601,3,other
145,955465255,993578920,387175347,4,other
145,955465255,993578920,955465255,5,origin
146,884040182,483561169,483561169,1,destination
146,884040182,483561169,918209348,2,other
146,884040182,483561169,832722601,3,other
146,884040182,483561169,387175347,4,other
146,884040182,483561169,884040182,5,origin
147,338772357,993578920,993578920,1,destination
147,338772357,993578920,338772357,2,origin
148,689282245,483561169,483561169,1,destination
148,689282245,483561169,689282245,2,origin
149,118102386,483561169,483561169,1,destination
149,118102386,483561169,918209348,2,other
149,118102386,483561169,832722601,3,other
149,118102386,483561169,387175347,4,other
149,118102386,483561169,118102386,5,origin
150,924045627,483561169,483561169,1,destination
150,924045627,483561169,924045627,2,origin
151,554579068,57844131,57844131,1,destination
151,554579068,57844131,554579068,2,origin
152,84357455,57844131,57844131,1,destination
152,84357455,57844131,84357455,2,origin
153,559786200,57844131,57844131,1,destination
153,559786200,57844131,918209348,2,other
153,559786200,57844131,832722601,3,other
153,559786200,57844131,387175347,4,other
153,559786200,57844131,559786200,5,origin
154,590063067,57844131,57844131,1,destination
154,590063067,57844131,918209348,2,other
154,590063067,57844131,832722601,3,other
154,590063067,57844131,387175347,4,other
154,590063067,57844131,590063067,5,origin
155,631877779,57844131,57844131,1,destination
155,631877779,57844131,918209348,2,other
155,631877779,57844131,918544568,3,other
155,631877779,57844131,53657788,4,other
155,631877779,57844131,631877779,5,origin
156,32619691,57844131,57844131,1,destination
156,32619691,57844131,918209348,2,other
156,32619691,57844131,918544568,3,other
156,32619691,57844131,53657788,4,other
156,32619691,57844131,32619691,5,origin
157,898547566,483561169,483561169,1,destination
157,898547566,483561169,898547566,2,origin
158,190302748,483561169,483561169,1,destination
158,190302748,483561169,918209348,2,other
158,190302748,483561169,832722601,3,other
158,190302748,483561169,387175347,4,other
158,190302748,483561169,190302748,5,origin
159,23825139,993578920,993578920,1,destination
159,23825139,993578920,918209348,2,other
159,23825139,993578920,832722601,3,other
159,23825139,993578920,387175347,4,other
159,23825139,993578920,23825139,5,origin
160,169204952,57844131,57844131,1,destination
160,169204952,57844131,918209348,2,other
160,169204952,57844131,918544568,3,other
160,169204952,57844131,53657788,4,other
160,169204952,57844131,169204952,5,origin
161,973772572,57844131,57844131,1,destination
161,973772572,57844131,918209348,2,other
161,973772572,57844131,918544568,3,other
161,973772572,57844131,53657788,4,other
161,973772572,57844131,853788440,5,other
161,973772572,57844131,973772572,6,origin
162,102977820,57844131,57844131,1,destination
162,102977820,57844131,918209348,2,other
162,102977820,57844131,918544568,3,other
162,102977820,57844131,53657788,4,other
162,102977820,57844131,102977820,5,origin
163,208828565,483561169,483561169,1,destination
163,208828565,483561169,918209348,2,other
163,208828565,483561169,832722601,3,other
163,208828565,483561169,387175347,4,other
163,208828565,483561169,208828565,5,origin
164,340031626,57844131,57844131,1,destination
164,340031626,57844131,340031626,2,origin
165,974574588,483561169,483561169,1,destination
165,974574588,483561169,918209348,2,other
165,974574588,483561169,918544568,3,other
165,974574588,483561169,53657788,4,other
165,974574588,483561169,974574588,5,origin
166,838235273,993578920,993578920,1,destination
166,838235273,993578920,918209348,2,other
166,838235273,993578920,832722601,3,other
166,838235273,993578920,387175347,4,other
166,838235273,993578920,838235273,5,origin
167,461266979,316419034,316419034,1,destination
167,461266979,316419034,918209348,2,other
167,461266979,316419034,918544568,3,other
167,461266979,316419034,314585116,4,other
167,461266979,316419034,163230001,5,other
167,461266979,316419034,419974127,6,other
167,461266979,316419034,461266979,7,origin
168,248370194,57844131,57844131,1,destination
168,248370194,57844131,918209348,2,other
168,248370194,57844131,918544568,3,other
168,248370194,57844131,53657788,4,other
168,248370194,57844131,248370194,5,origin
169,713150620,57844131,57844131,1,destination
169,713150620,57844131,713150620,2,origin
170,558937861,483561169,483561169,1,destination
170,558937861,483561169,918209348,2,other
170,558937861,483561169,832722601,3,other
170,558937861,483561169,387175347,4,other
170,558937861,483561169,558937861,5,origin
171,405864589,316419034,316419034,1,destination
171,405864589,316419034,918209348,2,other
171,405864589,316419034,918544568,3,other
171,405864589,316419034,53657788,4,other
171,405864589,316419034,405864589,5,origin
172,260110287,316419034,316419034,1,destination
172,260110287,316419034,918209348,2,other
172,260110287,316419034,832722601,3,other
172,260110287,316419034,387175347,4,other
172,260110287,316419034,260110287,5,origin
173,465126890,316419034,316419034,1,destination
173,465126890,316419034,465126890,2,origin
174,689282245,316419034,316419034,1,destination
174,689282245,316419034,689282245,2,origin
175,38077356,483561169,483561169,1,destination
175,38077356,483561169,918209348,2,other
175,38077356,483561169,918544568,3,other
175,38077356,483561169,53657788,4,other
175,38077356,483561169,38077356,5,origin
176,13452006,57844131,57844131,1,destination
176,13452006,57844131,918209348,2,other
176,13452006,57844131,832722601,3,other
176,13452006,57844131,387175347,4,other
176,13452006,57844131,13452006,5,origin
177,992268167,57844131,57844131,1,destination
177,992268167,57844131,918209348,2,other
177,992268167,57844131,832722601,3,other
177,992268167,57844131,387175347,4,other
177,992268167,57844131,992268167,5,origin
178,662491052,316419034,316419034,1,destination
178,662491052,316419034,918209348,2,other
178,662491052,316419034,832722601,3,other
178,662491052,316419034,387175347,4,other
178,662491052,316419034,662491052,5,origin
179,510226046,57844131,57844131,1,destination
179,510226046,57844131,918209348,2,other
179,510226046,57844131,832722601,3,other
179,510226046,57844131,387175347,4,other
179,510226046,57844131,510226046,5,origin
180,928059592,993578920,993578920,1,destination
180,928059592,993578920,918209348,2,other
180,928059592,993578920,918544568,3,other
180,928059592,993578920,53657788,4,other
180,928059592,993578920,928059592,5,origin
181,834078589,57844131,57844131,1,destination
181,834078589,57844131,918209348,2,other
181,834078589,57844131,832722601,3,other
181,834078589,57844131,387175347,4,other
181,834078589,57844131,834078589,5,origin
182,973186636,316419034,316419034,1,destination
182,973186636,316419034,973186636,2,origin
183,495305457,483561169,483561169,1,destination
183,495305457,483561169,918209348,2,other
183,495305457,483561169,832722601,3,other
183,495305457,483561169,387175347,4,other
183,495305457,483561169,495305457,5,origin
184,643019535,316419034,316419034,1,destination
184,643019535,316419034,918209348,2,other
184,643019535,316419034,918544568,3,other
184,643019535,316419034,53657788,4,other
184,643019535,316419034,643019535,5,origin
185,706093117,483561169,483561169,1,destination
185,706093117,483561169,918209348,2,other
185,706093117,483561169,918544568,3,other
185,706093117,483561169,53657788,4,other
185,706093117,483561169,853788440,5,other
185,706093117,483561169,706093117,6,origin
186,581456121,581313122,581313122,1,destination
186,581456121,581313122,581456121,2,origin
187,127079249,483561169,483561169,1,destination
187,127079249,483561169,918209348,2,other
187,127079249,483561169,918544568,3,other
187,127079249,483561169,53657788,4,other
187,127079249,483561169,127079249,5,origin
188,902154544,483561169,483561169,1,destination
188,902154544,483561169,902154544,2,origin
189,255866357,483561169,483561169,1,destination
189,255866357,483561169,918209348,2,other
189,255866357,483561169,918544568,3,other
189,255866357,483561169,53657788,4,other
189,255866357,483561169,255866357,5,origin
190,597320442,57844131,57844131,1,destination
190,597320442,57844131,918209348,2,other
190,597320442,57844131,918544568,3,other
190,597320442,57844131,53657788,4,other
190,597320442,57844131,597320442,5,origin
191,340031626,993578920,993578920,1,destination
191,340031626,993578920,918209348,2,other
191,340031626,993578920,918544568,3,other
191,340031626,993578920,314585116,4,other
191,340031626,993578920,340031626,5,origin
192,28049792,57844131,57844131,1,destination
192,28049792,57844131,918209348,2,other
192,28049792,57844131,832722601,3,other
192,28049792,57844131,387175347,4,other
192,28049792,57844131,28049792,5,origin
193,462588445,581313122,581313122,1,destination
193,462588445,581313122,20404874,2,other
193,462588445,581313122,918544568,3,other
193,462588445,581313122,53657788,4,other
193,462588445,581313122,462588445,5,origin
194,578014259,316419034,316419034,1,destination
194,578014259,316419034,918209348,2,other
194,578014259,316419034,918544568,3,other
194,578014259,316419034,53657788,4,other
194,578014259,316419034,578014259,5,origin
195,902154544,57844131,57844131,1,destination
195,902154544,57844131,918209348,2,other
195,902154544,57844131,918544568,3,other
195,902154544,57844131,53657788,4,other
195,902154544,57844131,902154544,5,origin
196,475703713,316419034,316419034,1,destination
196,475703713,316419034,918209348,2,other
196,475703713,316419034,918544568,3,other
196,475703713,316419034,53657788,4,other
196,475703713,316419034,475703713,5,origin
197,558937861,316419034,316419034,1,destination
197,558937861,316419034,918209348,2,other
197,558937861,316419034,832722601,3,other
197,558937861,316419034,387175347,4,other
197,558937861,316419034,558937861,5,origin
198,982948040,316419034,316419034,1,destination
198,982948040,316419034,918209348,2,other
198,982948040,316419034,832722601,3,other
198,982948040,316419034,387175347,4,other
198,982948040,316419034,982948040,5,origin
199,731584786,483561169,483561169,1,destination
199,731584786,483561169,918209348,2,other
199,731584786,483561169,918544568,3,other
199,731584786,483561169,53657788,4,other
199,731584786,483561169,853788440,5,other
199,731584786,483561169,731584786,6,origin
200,987033478,57844131,57844131,1,destination
200,987033478,57844131,987033478,2,origin
201,314465644,483561169,483561169,1,destination
201,314465644,483561169,918209348,2,other
201,314465644,483561169,832722601,3,other
201,314465644,483561169,387175347,4,other
201,314465644,483561169,314465644,5,origin
202,227473958,483561169,483561169,1,destination
202,227473958,483561169,918209348,2,other
202,227473958,483561169,918544568,3,other
202,227473958,483561169,53657788,4,other
202,227473958,483561169,227473958,5,origin
203,839969999,581313122,581313122,1,destination
203,839969999,581313122,20404874,2,other
203,839969999,581313122,918544568,3,other
203,839969999,581313122,53657788,4,other
203,839969999,581313122,839969999,5,origin
204,636363370,316419034,316419034,1,destination
204,636363370,316419034,918209348,2,other
204,636363370,316419034,832722601,3,other
204,636363370,316419034,387175347,4,other
204,636363370,316419034,636363370,5,origin
205,804581655,483561169,483561169,1,destination
205,804581655,483561169,804581655,2,origin
206,28049792,581313122,581313122,1,destination
206,28049792,581313122,20404874,2,other
206,28049792,581313122,918544568,3,other
206,28049792,581313122,53657788,4,other
206,28049792,581313122,188609814,5,other
206,28049792,581313122,832722601,6,other
206,28049792,581313122,387175347,7,other
206,28049792,581313122,28049792,8,origin
207,616867464,316419034,316419034,1,destination
207,616867464,316419034,918209348,2,other
207,616867464,316419034,918544568,3,other
207,616867464,316419034,314585116,4,other
207,616867464,316419034,163230001,5,other
207,616867464,316419034,616867464,6,origin
208,592782420,483561169,483561169,1,destination
208,592782420,483561169,592782420,2,origin
209,592782420,57844131,57844131,1,destination
209,592782420,57844131,592782420,2,origin
210,675618164,993578920,993578920,1,destination
210,675618164,993578920,918209348,2,other
210,675618164,993578920,918544568,3,other
210,675618164,993578920,53657788,4,other
210,675618164,993578920,853788440,5,other
210,675618164,993578920,675618164,6,origin
211,213341250,483561169,483561169,1,destination
211,213341250,483561169,918209348,2,other
211,213341250,483561169,918544568,3,other
211,213341250,483561169,53657788,4,other
211,213341250,483561169,853788440,5,other
211,213341250,483561169,213341250,6,origin
212,185152967,483561169,483561169,1,destination
212,185152967,483561169,918209348,2,other
212,185152967,483561169,832722601,3,other
212,185152967,483561169,387175347,4,other
212,185152967,483561169,185152967,5,origin
213,784842209,57844131,57844131,1,destination
213,784842209,57844131,784842209,2,origin
214,23825139,483561169,483561169,1,destination
214,23825139,483561169,918209348,2,other
214,23825139,483561169,832722601,3,other
214,23825139,483561169,387175347,4,other
214,23825139,483561169,23825139,5,origin
215,604996203,483561169,483561169,1,destination
215,604996203,483561169,604996203,2,origin
216,534433253,57844131,57844131,1,destination
216,534433253,57844131,534433253,2,origin
217,82395406,57844131,57844131,1,destination
217,82395406,57844131,82395406,2,origin
218,571793493,57844131,57844131,1,destination
218,571793493,57844131,571793493,2,origin
219,208759037,483561169,483561169,1,destination
219,208759037,483561169,918209348,2,other
219,208759037,483561169,918544568,3,other
219,208759037,483561169,314585116,4,other
219,208759037,483561169,163230001,5,other
219,208759037,483561169,419974127,6,other
219,208759037,483561169,208759037,7,origin
220,963128393,316419034,316419034,1,destination
220,963128393,316419034,918209348,2,other
220,963128393,316419034,918544568,3,other
220,963128393,316419034,314585116,4,other
220,963128393,316419034,163230001,5,other
220,963128393,316419034,419974127,6,other
220,963128393,316419034,963128393,7,origin
221,747625040,483561169,483561169,1,destination
221,747625040,483561169,918209348,2,other
221,747625040,483561169,918544568,3,other
221,747625040,483561169,314585116,4,other
221,747625040,483561169,163230001,5,other
221,747625040,483561169,747625040,6,origin
222,923117674,57844131,57844131,1,destination
222,923117674,57844131,918209348,2,other
222,923117674,57844131,918544568,3,other
222,923117674,57844131,314585116,4,other
222,923117674,57844131,923117674,5,origin
223,239387345,57844131,57844131,1,destination
223,239387345,57844131,918209348,2,other
223,239387345,57844131,918544568,3,other
223,239387345,57844131,314585116,4,other
223,239387345,57844131,163230001,5,other
223,239387345,57844131,419974127,6,other
223,239387345,57844131,239387345,7,origin
224,289702005,581313122,581313122,1,destination
224,289702005,581313122,20404874,2,other
224,289702005,581313122,918544568,3,other
224,289702005,581313122,314585116,4,other
224,289702005,581313122,163230001,5,other
224,289702005,581313122,289702005,6,origin
225,513075653,993578920,993578920,1,destination
225,513075653,993578920,918209348,2,other
225,513075653,993578920,832722601,3,other
225,513075653,993578920,387175347,4,other
225,513075653,993578920,180858621,5,other
225,513075653,993578920,513075653,6,origin
226,211200112,57844131,57844131,1,destination
226,211200112,57844131,918209348,2,other
226,211200112,57844131,918544568,3,other
226,211200112,57844131,314585116,4,other
226,211200112,57844131,163230001,5,other
226,211200112,57844131,419974127,6,other
226,211200112,57844131,211200112,7,origin
227,826976899,57844131,57844131,1,destination
227,826976899,57844131,918209348,2,other
227,826976899,57844131,918544568,3,other
227,826976899,57844131,314585116,4,other
227,826976899,57844131,163230001,5,other
227,826976899,57844131,826976899,6,origin
228,741870848,993578920,993578920,1,destination
228,741870848,993578920,918209348,2,other
228,741870848,993578920,918544568,3,other
228,741870848,993578920,314585116,4,other
228,741870848,993578920,163230001,5,other
228,741870848,993578920,741870848,6,origin
229,117724745,57844131,57844131,1,destination
229,117724745,57844131,918209348,2,other
229,117724745,57844131,918544568,3,other
229,117724745,57844131,314585116,4,other
229,117724745,57844131,163230001,5,other
229,117724745,57844131,419974127,6,other
229,117724745,57844131,117724745,7,origin
230,239387345,483561169,483561169,1,destination
230,239387345,483561169,918209348,2,other
230,239387345,483561169,918544568,3,other
230,239387345,483561169,314585116,4,other
230,239387345,483561169,163230001,5,other
230,239387345,483561169,419974127,6,other
230,239387345,483561169,239387345,7,origin
231,181867470,316419034,316419034,1,destination
231,181867470,316419034,918209348,2,other
231,181867470,316419034,918544568,3,other
231,181867470,316419034,314585116,4,other
231,181867470,316419034,163230001,5,other
231,181867470,316419034,419974127,6,other
231,181867470,316419034,181867470,7,origin
232,513075653,57844131,57844131,1,destination
232,513075653,57844131,918209348,2,other
232,513075653,57844131,832722601,3,other
232,513075653,57844131,387175347,4,other
232,513075653,57844131,180858621,5,other
232,513075653,57844131,513075653,6,origin
233,931784133,581313122,581313122,1,destination
233,931784133,581313122,20404874,2,other
233,931784133,581313122,918544568,3,other
233,931784133,581313122,314585116,4,other
233,931784133,581313122,163230001,5,other
233,931784133,581313122,419974127,6,other
233,931784133,581313122,931784133,7,origin
234,631877779,993578920,993578920,1,destination
234,631877779,993578920,918209348,2,other
234,631877779,993578920,918544568,3,other
234,631877779,993578920,53657788,4,other
234,631877779,993578920,631877779,5,origin
235,22051458,57844131,57844131,1,destination
235,22051458,57844131,918209348,2,other
235,22051458,57844131,918544568,3,other
235,22051458,57844131,314585116,4,other
235,22051458,57844131,163230001,5,other
235,22051458,57844131,419974127,6,other
235,22051458,57844131,22051458,7,origin
236,679636403,316419034,316419034,1,destination
236,679636403,316419034,918209348,2,other
236,679636403,316419034,832722601,3,other
236,679636403,316419034,387175347,4,other
236,679636403,316419034,679636403,5,origin
237,603627509,993578920,993578920,1,destination
237,603627509,993578920,918209348,2,other
237,603627509,993578920,918544568,3,other
237,603627509,993578920,314585116,4,other
237,603627509,993578920,163230001,5,other
237,603627509,993578920,603627509,6,origin
238,662491052,57844131,57844131,1,destination
238,662491052,57844131,918209348,2,other
238,662491052,57844131,832722601,3,other
238,662491052,57844131,387175347,4,other
238,662491052,57844131,662491052,5,origin
239,137305128,316419034,316419034,1,destination
239,137305128,316419034,918209348,2,other
239,137305128,316419034,918544568,3,other
239,137305128,316419034,53657788,4,other
239,137305128,316419034,137305128,5,origin
240,199726318,483561169,483561169,1,destination
240,199726318,483561169,918209348,2,other
240,199726318,483561169,918544568,3,other
240,199726318,483561169,314585116,4,other
240,199726318,483561169,163230001,5,other
240,199726318,483561169,199726318,6,origin
241,998838758,483561169,483561169,1,destination
241,998838758,483561169,918209348,2,other
241,998838758,483561169,918544568,3,other
241,998838758,483561169,314585116,4,other
241,998838758,483561169,163230001,5,other
241,998838758,483561169,419974127,6,other
241,998838758,483561169,998838758,7,origin
242,740030713,993578920,993578920,1,destination
242,740030713,993578920,918209348,2,other
242,740030713,993578920,832722601,3,other
242,740030713,993578920,387175347,4,other
242,740030713,993578920,740030713,5,origin
243,440088115,316419034,316419034,1,destination
243,440088115,316419034,918209348,2,other
243,440088115,316419034,832722601,3,other
243,440088115,316419034,387175347,4,other
243,440088115,316419034,180858621,5,other
243,440088115,316419034,440088115,6,origin
244,220615689,316419034,316419034,1,destination
244,220615689,316419034,918209348,2,other
244,220615689,316419034,918544568,3,other
244,220615689,316419034,314585116,4,other
244,220615689,316419034,163230001,5,other
244,220615689,316419034,220615689,6,origin
245,274312922,316419034,316419034,1,destination
245,274312922,316419034,918209348,2,other
245,274312922,316419034,832722601,3,other
245,274312922,316419034,387175347,4,other
245,274312922,316419034,274312922,5,origin
246,274312922,483561169,483561169,1,destination
246,274312922,483561169,918209348,2,other
246,274312922,483561169,832722601,3,other
246,274312922,483561169,387175347,4,other
246,274312922,483561169,274312922,5,origin
247,926014003,581313122,581313122,1,destination
247,926014003,581313122,20404874,2,other
247,926014003,581313122,918544568,3,other
247,926014003,581313122,53657788,4,other
247,926014003,581313122,926014003,5,origin
248,748753908,581313122,581313122,1,destination
248,748753908,581313122,20404874,2,other
248,748753908,581313122,918544568,3,other
248,748753908,581313122,53657788,4,other
248,748753908,581313122,748753908,5,origin
249,108616271,316419034,316419034,1,destination
249,108616271,316419034,918209348,2,other
249,108616271,316419034,918544568,3,other
249,108616271,316419034,53657788,4,other
249,108616271,316419034,853788440,5,other
249,108616271,316419034,108616271,6,origin
250,680361602,483561169,483561169,1,destination
250,680361602,483561169,918209348,2,other
250,680361602,483561169,918544568,3,other
250,680361602,483561169,53657788,4,other
250,680361602,483561169,680361602,5,origin
251,784677662,993578920,993578920,1,destination
251,784677662,993578920,918209348,2,other
251,784677662,993578920,918544568,3,other
251,784677662,993578920,314585116,4,other
251,784677662,993578920,163230001,5,other
251,784677662,993578920,419974127,6,other
251,784677662,993578920,784677662,7,origin
252,955679066,483561169,483561169,1,destination
252,955679066,483561169,918209348,2,other
252,955679066,483561169,832722601,3,other
252,955679066,483561169,387175347,4,other
252,955679066,483561169,955679066,5,origin
253,688983600,581313122,581313122,1,destination
253,688983600,581313122,20404874,2,other
253,688983600,581313122,918544568,3,other
253,688983600,581313122,53657788,4,other
253,688983600,581313122,188609814,5,other
253,688983600,581313122,832722601,6,other
253,688983600,581313122,387175347,7,other
253,688983600,581313122,688983600,8,origin
254,200624300,483561169,483561169,1,destination
254,200624300,483561169,918209348,2,other
254,200624300,483561169,832722601,3,other
254,200624300,483561169,387175347,4,other
254,200624300,483561169,200624300,5,origin
255,102977820,483561169,483561169,1,destination
255,102977820,483561169,918209348,2,other
255,102977820,483561169,918544568,3,other
255,102977820,483561169,53657788,4,other
255,102977820,483561169,102977820,5,origin
256,977818249,57844131,57844131,1,destination
256,977818249,57844131,918209348,2,other
256,977818249,57844131,918544568,3,other
256,977818249,57844131,53657788,4,other
256,977818249,57844131,977818249,5,origin
257,891137501,483561169,483561169,1,destination
257,891137501,483561169,918209348,2,other
257,891137501,483561169,832722601,3,other
257,891137501,483561169,387175347,4,other
257,891137501,483561169,891137501,5,origin
258,179806486,316419034,316419034,1,destination
258,179806486,316419034,918209348,2,other
258,179806486,316419034,918544568,3,other
258,179806486,316419034,314585116,4,other
258,179806486,316419034,163230001,5,other
258,179806486,316419034,419974127,6,other
258,179806486,316419034,179806486,7,origin
259,611021628,483561169,483561169,1,destination
259,611021628,483561169,918209348,2,other
259,611021628,483561169,918544568,3,other
259,611021628,483561169,53657788,4,other
259,611021628,483561169,611021628,5,origin
260,275066871,57844131,57844131,1,destination
260,275066871,57844131,918209348,2,other
260,275066871,57844131,832722601,3,other
260,275066871,57844131,387175347,4,other
260,275066871,57844131,275066871,5,origin
261,495305457,581313122,581313122,1,destination
261,495305457,581313122,20404874,2,other
261,495305457,581313122,918544568,3,other
261,495305457,581313122,53657788,4,other
261,495305457,581313122,188609814,5,other
261,495305457,581313122,832722601,6,other
261,495305457,581313122,387175347,7,other
261,495305457,581313122,495305457,8,origin
262,691582882,581313122,581313122,1,destination
262,691582882,581313122,20404874,2,other
262,691582882,581313122,918544568,3,other
262,691582882,581313122,53657788,4,other
262,691582882,581313122,853788440,5,other
262,691582882,581313122,691582882,6,origin
263,298165647,483561169,483561169,1,destination
263,298165647,483561169,918209348,2,other
263,298165647,483561169,832722601,3,other
263,298165647,483561169,387175347,4,other
263,298165647,483561169,298165647,5,origin
264,14377653,57844131,57844131,1,destination
264,14377653,57844131,918209348,2,other
264,14377653,57844131,918544568,3,other
264,14377653,57844131,53657788,4,other
264,14377653,57844131,14377653,5,origin
265,292697312,57844131,57844131,1,destination
265,292697312,57844131,918209348,2,other
265,292697312,57844131,918544568,3,other
265,292697312,57844131,53657788,4,other
265,292697312,57844131,853788440,5,other
265,292697312,57844131,292697312,6,origin
266,48845116,57844131,57844131,1,destination
266,48845116,57844131,48845116,2,origin
267,144727311,57844131,57844131,1,destination
267,144727311,57844131,918209348,2,other
267,144727311,57844131,918544568,3,other
267,144727311,57844131,53657788,4,other
267,144727311,57844131,853788440,5,other
267,144727311,57844131,144727311,6,origin
268,551896330,316419034,316419034,1,destination
268,551896330,316419034,918209348,2,other
268,551896330,316419034,832722601,3,other
268,551896330,316419034,387175347,4,other
268,551896330,316419034,551896330,5,origin
269,227473958,57844131,57844131,1,destination
269,227473958,57844131,918209348,2,other
269,227473958,57844131,918544568,3,other
269,227473958,57844131,53657788,4,other
269,227473958,57844131,227473958,5,origin
270,356857726,483561169,483561169,1,destination
270,356857726,483561169,356857726,2,origin
271,32619691,483561169,483561169,1,destination
271,32619691,483561169,918209348,2,other
271,32619691,483561169,918544568,3,other
271,32619691,483561169,53657788,4,other
271,32619691,483561169,32619691,5,origin
272,571793493,483561169,483561169,1,destination
272,571793493,483561169,571793493,2,origin
273,883666373,993578920,993578920,1,destination
273,883666373,993578920,918209348,2,other
273,883666373,993578920,832722601,3,other
273,883666373,993578920,387175347,4,other
273,883666373,993578920,180858621,5,other
273,883666373,993578920,883666373,6,origin
274,602109632,316419034,316419034,1,destination
274,602109632,316419034,918209348,2,other
274,602109632,316419034,918544568,3,other
274,602109632,316419034,314585116,4,other
274,602109632,316419034,163230001,5,other
274,602109632,316419034,602109632,6,origin
275,738383798,483561169,483561169,1,destination
275,738383798,483561169,862596923,2,other
275,738383798,483561169,738383798,3,origin
276,88158556,57844131,57844131,1,destination
276,88158556,57844131,918209348,2,other
276,88158556,57844131,918544568,3,other
276,88158556,57844131,53657788,4,other
276,88158556,57844131,853788440,5,other
276,88158556,57844131,88158556,6,origin
277,900362772,57844131,57844131,1,destination
277,900362772,57844131,918209348,2,other
277,900362772,57844131,918544568,3,other
277,900362772,57844131,314585116,4,other
277,900362772,57844131,163230001,5,other
277,900362772,57844131,419974127,6,other
277,900362772,57844131,900362772,7,origin
278,875185193,316419034,316419034,1,destination
278,875185193,316419034,918209348,2,other
278,875185193,316419034,918544568,3,other
278,875185193,316419034,314585116,4,other
278,875185193,316419034,163230001,5,other
278,875185193,316419034,419974127,6,other
278,875185193,316419034,875185193,7,origin
279,695608812,57844131,57844131,1,destination
279,695608812,57844131,918209348,2,other
279,695608812,57844131,918544568,3,other
279,695608812,57844131,314585116,4,other
279,695608812,57844131,163230001,5,other
279,695608812,57844131,419974127,6,other
279,695608812,57844131,695608812,7,origin
280,245883420,581313122,581313122,1,destination
280,245883420,581313122,20404874,2,other
280,245883420,581313122,918544568,3,other
280,245883420,581313122,53657788,4,other
280,245883420,581313122,245883420,5,origin
281,454237200,483561169,483561169,1,destination
281,454237200,483561169,918209348,2,other
281,454237200,483561169,832722601,3,other
281,454237200,483561169,387175347,4,other
281,454237200,483561169,180858621,5,other
281,454237200,483561169,454237200,6,origin
282,610023955,581313122,581313122,1,destination
282,610023955,581313122,20404874,2,other
282,610023955,581313122,918544568,3,other
282,610023955,581313122,314585116,4,other
282,610023955,581313122,163230001,5,other
282,610023955,581313122,419974127,6,other
282,610023955,581313122,610023955,7,origin
283,88158556,483561169,483561169,1,destination
283,88158556,483561169,918209348,2,other
283,88158556,483561169,918544568,3,other
283,88158556,483561169,53657788,4,other
283,88158556,483561169,853788440,5,other
283,88158556,483561169,88158556,6,origin
284,104241995,57844131,57844131,1,destination
284,104241995,57844131,918209348,2,other
284,104241995,57844131,918544568,3,other
284,104241995,57844131,314585116,4,other
284,104241995,57844131,104241995,5,origin
285,446680672,993578920,993578920,1,destination
285,446680672,993578920,918209348,2,other
285,446680672,993578920,832722601,3,other
285,446680672,993578920,387175347,4,other
285,446680672,993578920,446680672,5,origin
286,116969854,316419034,316419034,1,destination
286,116969854,316419034,918209348,2,other
286,116969854,316419034,918544568,3,other
286,116969854,316419034,53657788,4,other
286,116969854,316419034,853788440,5,other
286,116969854,316419034,116969854,6,origin
287,24534301,316419034,316419034,1,destination
287,24534301,316419034,918209348,2,other
287,24534301,316419034,832722601,3,other
287,24534301,316419034,387175347,4,other
287,24534301,316419034,24534301,5,origin
288,670500147,316419034,316419034,1,destination
288,670500147,316419034,918209348,2,other
288,670500147,316419034,918544568,3,other
288,670500147,316419034,53657788,4,other
288,670500147,316419034,670500147,5,origin
289,153981703,57844131,57844131,1,destination
289,153981703,57844131,179552971,2,other
289,153981703,57844131,153981703,3,origin
290,692502699,483561169,483561169,1,destination
290,692502699,483561169,918209348,2,other
290,692502699,483561169,832722601,3,other
290,692502699,483561169,387175347,4,other
290,692502699,483561169,180858621,5,other
290,692502699,483561169,692502699,6,origin
291,615472538,581313122,581313122,1,destination
291,615472538,581313122,20404874,2,other
291,615472538,581313122,918544568,3,other
291,615472538,581313122,53657788,4,other
291,615472538,581313122,615472538,5,origin
292,599351938,316419034,316419034,1,destination
292,599351938,316419034,599351938,2,origin
293,17765837,316419034,316419034,1,destination
293,17765837,316419034,918209348,2,other
293,17765837,316419034,832722601,3,other
293,17765837,316419034,387175347,4,other
293,17765837,316419034,17765837,5,origin
294,117724745,483561169,483561169,1,destination
294,117724745,483561169,918209348,2,other
294,117724745,483561169,918544568,3,other
294,117724745,483561169,314585116,4,other
294,117724745,483561169,163230001,5,other
294,117724745,483561169,419974127,6,other
294,117724745,483561169,117724745,7,origin
295,715438714,316419034,316419034,1,destination
295,715438714,316419034,918209348,2,other
295,715438714,316419034,918544568,3,other
295,715438714,316419034,53657788,4,other
295,715438714,316419034,715438714,5,origin
296,571395758,993578920,993578920,1,destination
296,571395758,993578920,918209348,2,other
296,571395758,993578920,918544568,3,other
296,571395758,993578920,53657788,4,other
296,571395758,993578920,571395758,5,origin
297,680948076,316419034,316419034,1,destination
297,680948076,316419034,918209348,2,other
297,680948076,316419034,918544568,3,other
297,680948076,316419034,314585116,4,other
297,680948076,316419034,163230001,5,other
297,680948076,316419034,419974127,6,other
297,680948076,316419034,680948076,7,origin
298,747625040,57844131,57844131,1,destination
298,747625040,57844131,918209348,2,other
298,747625040,57844131,918544568,3,other
298,747625040,57844131,314585116,4,other
298,747625040,57844131,163230001,5,other
298,747625040,57844131,747625040,6,origin
299,520652348,483561169,483561169,1,destination
299,520652348,483561169,918209348,2,other
299,520652348,483561169,918544568,3,other
299,520652348,483561169,53657788,4,other
299,520652348,483561169,520652348,5,origin
300,200624300,57844131,57844131,1,destination
300,200624300,57844131,918209348,2,other
300,200624300,57844131,832722601,3,other
300,200624300,57844131,387175347,4,other
300,200624300,57844131,200624300,5,origin
301,571395758,316419034,316419034,1,destination
301,571395758,316419034,918209348,2,other
301,571395758,316419034,918544568,3,other
301,571395758,316419034,53657788,4,other
301,571395758,316419034,571395758,5,origin
302,497202606,316419034,316419034,1,destination
302,497202606,316419034,918209348,2,other
302,497202606,316419034,918544568,3,other
302,497202606,316419034,314585116,4,other
302,497202606,316419034,163230001,5,other
302,497202606,316419034,497202606,6,origin
303,255866357,57844131,57844131,1,destination
303,255866357,57844131,918209348,2,other
303,255866357,57844131,918544568,3,other
303,255866357,57844131,53657788,4,other
303,255866357,57844131,255866357,5,origin
304,201124244,57844131,57844131,1,destination
304,201124244,57844131,918209348,2,other
304,201124244,57844131,918544568,3,other
304,201124244,57844131,53657788,4,other
304,201124244,57844131,201124244,5,origin
305,648372677,316419034,316419034,1,destination
305,648372677,316419034,918209348,2,other
305,648372677,316419034,918544568,3,other
305,648372677,316419034,314585116,4,other
305,648372677,316419034,163230001,5,other
305,648372677,316419034,648372677,6,origin
306,14377653,483561169,483561169,1,destination
306,14377653,483561169,918209348,2,other
306,14377653,483561169,918544568,3,other
306,14377653,483561169,53657788,4,other
306,14377653,483561169,14377653,5,origin
307,718365076,57844131,57844131,1,destination
307,718365076,57844131,918209348,2,other
307,718365076,57844131,918544568,3,other
307,718365076,57844131,314585116,4,other
307,718365076,57844131,163230001,5,other
307,718365076,57844131,419974127,6,other
307,718365076,57844131,718365076,7,origin
308,798148952,581313122,581313122,1,destination
308,798148952,581313122,798148952,2,origin
309,87469735,316419034,316419034,1,destination
309,87469735,316419034,918209348,2,other
309,87469735,316419034,832722601,3,other
309,87469735,316419034,387175347,4,other
309,87469735,316419034,87469735,5,origin
310,549323926,57844131,57844131,1,destination
310,549323926,57844131,918209348,2,other
310,549323926,57844131,918544568,3,other
310,549323926,57844131,53657788,4,other
310,549323926,57844131,853788440,5,other
310,549323926,57844131,549323926,6,origin
311,725901106,316419034,316419034,1,destination
311,725901106,316419034,918209348,2,other
311,725901106,316419034,918544568,3,other
311,725901106,316419034,314585116,4,other
311,725901106,316419034,163230001,5,other
311,725901106,316419034,419974127,6,other
311,725901106,316419034,725901106,7,origin
312,591669998,581313122,581313122,1,destination
312,591669998,581313122,20404874,2,other
312,591669998,581313122,918544568,3,other
312,591669998,581313122,53657788,4,other
312,591669998,581313122,188609814,5,other
312,591669998,581313122,832722601,6,other
312,591669998,581313122,387175347,7,other
312,591669998,581313122,591669998,8,origin
