route_id,supplier_account,customer_account,point_account,point_number,point_type
1,121955469,57844131,57844131,1,plant
1,121955469,57844131,121955469,2,supplier
2,60181031,483561169,483561169,1,plant
2,60181031,483561169,918209348,2,pod
2,60181031,483561169,918544568,3,pol
2,60181031,483561169,53657788,4,platform
2,60181031,483561169,853788440,5,platform
2,60181031,483561169,60181031,6,supplier
3,923117674,316419034,316419034,1,plant
3,923117674,316419034,918209348,2,pod
3,923117674,316419034,918544568,3,pol
3,923117674,316419034,314585116,4,platform
3,923117674,316419034,923117674,5,supplier
4,688983600,57844131,57844131,1,plant
4,688983600,57844131,918209348,2,pod
4,688983600,57844131,832722601,3,pol
4,688983600,57844131,387175347,4,platform
4,688983600,57844131,180858621,5,platform
4,688983600,57844131,688983600,6,supplier
5,195343551,581313122,581313122,1,plant
5,195343551,581313122,20404874,2,pod
5,195343551,581313122,918544568,3,pol
5,195343551,581313122,314585116,4,platform
5,195343551,581313122,163230001,5,platform
5,195343551,581313122,195343551,6,supplier
6,911087259,57844131,57844131,1,plant
6,911087259,57844131,918209348,2,pod
6,911087259,57844131,918544568,3,pol
6,911087259,57844131,53657788,4,platform
6,911087259,57844131,911087259,5,supplier
7,581456121,316419034,316419034,1,plant
7,581456121,316419034,179552971,2,platform
7,581456121,316419034,581456121,3,supplier
8,254121760,993578920,993578920,1,plant
8,254121760,993578920,918209348,2,pod
8,254121760,993578920,918544568,3,pol
8,254121760,993578920,314585116,4,platform
8,254121760,993578920,163230001,5,platform
8,254121760,993578920,419974127,6,platform
8,254121760,993578920,254121760,7,supplier
9,977818249,483561169,483561169,1,plant
9,977818249,483561169,918209348,2,pod
9,977818249,483561169,918544568,3,pol
9,977818249,483561169,53657788,4,platform
9,977818249,483561169,977818249,5,supplier
10,816569071,483561169,483561169,1,plant
10,816569071,483561169,918209348,2,pod
10,816569071,483561169,832722601,3,pol
10,816569071,483561169,387175347,4,platform
10,816569071,483561169,816569071,5,supplier
11,801371964,57844131,57844131,1,plant
11,801371964,57844131,918209348,2,pod
11,801371964,57844131,918544568,3,pol
11,801371964,57844131,314585116,4,platform
11,801371964,57844131,163230001,5,platform
11,801371964,57844131,801371964,6,supplier
12,28049792,483561169,483561169,1,plant
12,28049792,483561169,918209348,2,pod
12,28049792,483561169,832722601,3,pol
12,28049792,483561169,387175347,4,platform
12,28049792,483561169,28049792,5,supplier
13,19271566,993578920,993578920,1,plant
13,19271566,993578920,918209348,2,pod
13,19271566,993578920,832722601,3,pol
13,19271566,993578920,387175347,4,platform
13,19271566,993578920,180858621,5,platform
13,19271566,993578920,19271566,6,supplier
14,28049792,993578920,993578920,1,plant
14,28049792,993578920,918209348,2,pod
14,28049792,993578920,832722601,3,pol
14,28049792,993578920,387175347,4,platform
14,28049792,993578920,28049792,5,supplier
15,779715387,483561169,483561169,1,plant
15,779715387,483561169,779715387,2,supplier
16,911087259,993578920,993578920,1,plant
16,911087259,993578920,918209348,2,pod
16,911087259,993578920,918544568,3,pol
16,911087259,993578920,53657788,4,platform
16,911087259,993578920,911087259,5,supplier
17,213341250,993578920,993578920,1,plant
17,213341250,993578920,918209348,2,pod
17,213341250,993578920,918544568,3,pol
17,213341250,993578920,53657788,4,platform
17,213341250,993578920,853788440,5,platform
17,213341250,993578920,213341250,6,supplier
18,211284884,57844131,57844131,1,plant
18,211284884,57844131,918209348,2,pod
18,211284884,57844131,918544568,3,pol
18,211284884,57844131,314585116,4,platform
18,211284884,57844131,163230001,5,platform
18,211284884,57844131,419974127,6,platform
18,211284884,57844131,211284884,7,supplier
19,211284884,581313122,581313122,1,plant
19,211284884,581313122,20404874,2,pod
19,211284884,581313122,918544568,3,pol
19,211284884,581313122,314585116,4,platform
19,211284884,581313122,163230001,5,platform
19,211284884,581313122,419974127,6,platform
19,211284884,581313122,211284884,7,supplier
20,756320960,581313122,581313122,1,plant
20,756320960,581313122,756320960,2,supplier
21,688983600,316419034,316419034,1,plant
21,688983600,316419034,918209348,2,pod
21,688983600,316419034,832722601,3,pol
21,688983600,316419034,387175347,4,platform
21,688983600,316419034,180858621,5,platform
21,688983600,316419034,688983600,6,supplier
22,987683090,993578920,993578920,1,plant
22,987683090,993578920,918209348,2,pod
22,987683090,993578920,918544568,3,pol
22,987683090,993578920,314585116,4,platform
22,987683090,993578920,163230001,5,platform
22,987683090,993578920,987683090,6,supplier
23,919854899,483561169,483561169,1,plant
23,919854899,483561169,918209348,2,pod
23,919854899,483561169,832722601,3,pol
23,919854899,483561169,387175347,4,platform
23,919854899,483561169,919854899,5,supplier
24,919854899,57844131,57844131,1,plant
24,919854899,57844131,918209348,2,pod
24,919854899,57844131,832722601,3,pol
24,919854899,57844131,387175347,4,platform
24,919854899,57844131,919854899,5,supplier
25,731584786,57844131,57844131,1,plant
25,731584786,57844131,918209348,2,pod
25,731584786,57844131,918544568,3,pol
25,731584786,57844131,53657788,4,platform
25,731584786,57844131,853788440,5,platform
25,731584786,57844131,731584786,6,supplier
26,987033478,483561169,483561169,1,plant
26,987033478,483561169,987033478,2,supplier
27,911087259,483561169,483561169,1,plant
27,911087259,483561169,918209348,2,pod
27,911087259,483561169,918544568,3,pol
27,911087259,483561169,53657788,4,platform
27,911087259,483561169,911087259,5,supplier
28,992268167,483561169,483561169,1,plant
28,992268167,483561169,918209348,2,pod
28,992268167,483561169,918544568,3,pol
28,992268167,483561169,53657788,4,platform
28,992268167,483561169,188609814,5,pod
28,992268167,483561169,832722601,6,pol
28,992268167,483561169,387175347,7,platform
28,992268167,483561169,992268167,8,supplier
29,614789091,483561169,483561169,1,plant
29,614789091,483561169,918209348,2,pod
29,614789091,483561169,832722601,3,pol
29,614789091,483561169,387175347,4,platform
29,614789091,483561169,614789091,5,supplier
30,31326096,483561169,483561169,1,plant
30,31326096,483561169,918209348,2,pod
30,31326096,483561169,918544568,3,pol
30,31326096,483561169,53657788,4,platform
30,31326096,483561169,31326096,5,supplier
31,615472538,316419034,316419034,1,plant
31,615472538,316419034,918209348,2,pod
31,615472538,316419034,918544568,3,pol
31,615472538,316419034,53657788,4,platform
31,615472538,316419034,615472538,5,supplier
32,662491052,483561169,483561169,1,plant
32,662491052,483561169,918209348,2,pod
32,662491052,483561169,832722601,3,pol
32,662491052,483561169,387175347,4,platform
32,662491052,483561169,662491052,5,supplier
33,581545898,483561169,483561169,1,plant
33,581545898,483561169,918209348,2,pod
33,581545898,483561169,918544568,3,pol
33,581545898,483561169,53657788,4,platform
33,581545898,483561169,853788440,5,platform
33,581545898,483561169,581545898,6,supplier
34,955465255,483561169,483561169,1,plant
34,955465255,483561169,918209348,2,pod
34,955465255,483561169,832722601,3,pol
34,955465255,483561169,387175347,4,platform
34,955465255,483561169,955465255,5,supplier
35,740030713,57844131,57844131,1,plant
35,740030713,57844131,918209348,2,pod
35,740030713,57844131,832722601,3,pol
35,740030713,57844131,387175347,4,platform
35,740030713,57844131,740030713,5,supplier
36,964369397,57844131,57844131,1,plant
36,964369397,57844131,918209348,2,pod
36,964369397,57844131,832722601,3,pol
36,964369397,57844131,387175347,4,platform
36,964369397,57844131,964369397,5,supplier
37,117724745,316419034,316419034,1,plant
37,117724745,316419034,918209348,2,pod
37,117724745,316419034,918544568,3,pol
37,117724745,316419034,314585116,4,platform
37,117724745,316419034,163230001,5,platform
37,117724745,316419034,419974127,6,platform
37,117724745,316419034,117724745,7,supplier
38,582082698,316419034,316419034,1,plant
38,582082698,316419034,918209348,2,pod
38,582082698,316419034,918544568,3,pol
38,582082698,316419034,314585116,4,platform
38,582082698,316419034,163230001,5,platform
38,582082698,316419034,582082698,6,supplier
39,816569071,316419034,316419034,1,plant
39,816569071,316419034,918209348,2,pod
39,816569071,316419034,832722601,3,pol
39,816569071,316419034,387175347,4,platform
39,816569071,316419034,816569071,5,supplier
40,28049792,316419034,316419034,1,plant
40,28049792,316419034,918209348,2,pod
40,28049792,316419034,832722601,3,pol
40,28049792,316419034,387175347,4,platform
40,28049792,316419034,28049792,5,supplier
41,531723235,483561169,483561169,1,plant
41,531723235,483561169,918209348,2,pod
41,531723235,483561169,832722601,3,pol
41,531723235,483561169,387175347,4,platform
41,531723235,483561169,531723235,5,supplier
42,531723235,993578920,993578920,1,plant
42,531723235,993578920,918209348,2,pod
42,531723235,993578920,832722601,3,pol
42,531723235,993578920,387175347,4,platform
42,531723235,993578920,531723235,5,supplier
43,587954344,993578920,993578920,1,plant
43,587954344,993578920,918209348,2,pod
43,587954344,993578920,918544568,3,pol
43,587954344,993578920,53657788,4,platform
43,587954344,993578920,853788440,5,platform
43,587954344,993578920,587954344,6,supplier
44,248825544,581313122,581313122,1,plant
44,248825544,581313122,248825544,2,supplier
45,274312922,57844131,57844131,1,plant
45,274312922,57844131,918209348,2,pod
45,274312922,57844131,832722601,3,pol
45,274312922,57844131,387175347,4,platform
45,274312922,57844131,274312922,5,supplier
46,559786200,993578920,993578920,1,plant
46,559786200,993578920,918209348,2,pod
46,559786200,993578920,832722601,3,pol
46,559786200,993578920,387175347,4,platform
46,559786200,993578920,559786200,5,supplier
47,613984115,57844131,57844131,1,plant
47,613984115,57844131,918209348,2,pod
47,613984115,57844131,918544568,3,pol
47,613984115,57844131,53657788,4,platform
47,613984115,57844131,613984115,5,supplier
48,467258853,483561169,483561169,1,plant
48,467258853,483561169,918209348,2,pod
48,467258853,483561169,832722601,3,pol
48,467258853,483561169,387175347,4,platform
48,467258853,483561169,467258853,5,supplier
49,467258853,993578920,993578920,1,plant
49,467258853,993578920,918209348,2,pod
49,467258853,993578920,832722601,3,pol
49,467258853,993578920,387175347,4,platform
49,467258853,993578920,467258853,5,supplier
50,923117674,993578920,993578920,1,plant
50,923117674,993578920,918209348,2,pod
50,923117674,993578920,918544568,3,pol
50,923117674,993578920,314585116,4,platform
50,923117674,993578920,923117674,5,supplier
51,910685645,993578920,993578920,1,plant
51,910685645,993578920,918209348,2,pod
51,910685645,993578920,832722601,3,pol
51,910685645,993578920,387175347,4,platform
51,910685645,993578920,910685645,5,supplier
52,211200112,483561169,483561169,1,plant
52,211200112,483561169,918209348,2,pod
52,211200112,483561169,918544568,3,pol
52,211200112,483561169,314585116,4,platform
52,211200112,483561169,163230001,5,platform
52,211200112,483561169,419974127,6,platform
52,211200112,483561169,211200112,7,supplier
53,181867470,581313122,581313122,1,plant
53,181867470,581313122,20404874,2,pod
53,181867470,581313122,918544568,3,pol
53,181867470,581313122,314585116,4,platform
53,181867470,581313122,163230001,5,platform
53,181867470,581313122,419974127,6,platform
53,181867470,581313122,181867470,7,supplier
54,468536876,483561169,483561169,1,plant
54,468536876,483561169,918209348,2,pod
54,468536876,483561169,918544568,3,pol
54,468536876,483561169,53657788,4,platform
54,468536876,483561169,468536876,5,supplier
55,275066871,483561169,483561169,1,plant
55,275066871,483561169,918209348,2,pod
55,275066871,483561169,832722601,3,pol
55,275066871,483561169,387175347,4,platform
55,275066871,483561169,275066871,5,supplier
56,559786200,483561169,483561169,1,plant
56,559786200,483561169,918209348,2,pod
56,559786200,483561169,832722601,3,pol
56,559786200,483561169,387175347,4,platform
56,559786200,483561169,559786200,5,supplier
57,776622776,993578920,993578920,1,plant
57,776622776,993578920,918209348,2,pod
57,776622776,993578920,832722601,3,pol
57,776622776,993578920,387175347,4,platform
57,776622776,993578920,776622776,5,supplier
58,590063067,993578920,993578920,1,plant
58,590063067,993578920,918209348,2,pod
58,590063067,993578920,832722601,3,pol
58,590063067,993578920,387175347,4,platform
58,590063067,993578920,590063067,5,supplier
59,411359761,993578920,993578920,1,plant
59,411359761,993578920,918209348,2,pod
59,411359761,993578920,918544568,3,pol
59,411359761,993578920,53657788,4,platform
59,411359761,993578920,853788440,5,platform
59,411359761,993578920,411359761,6,supplier
60,712152638,993578920,993578920,1,plant
60,712152638,993578920,918209348,2,pod
60,712152638,993578920,918544568,3,pol
60,712152638,993578920,53657788,4,platform
60,712152638,993578920,712152638,5,supplier
61,285117451,581313122,581313122,1,plant
61,285117451,581313122,20404874,2,pod
61,285117451,581313122,918544568,3,pol
61,285117451,581313122,53657788,4,platform
61,285117451,581313122,285117451,5,supplier
62,571395758,57844131,57844131,1,plant
62,571395758,57844131,918209348,2,pod
62,571395758,57844131,918544568,3,pol
62,571395758,57844131,53657788,4,platform
62,571395758,57844131,571395758,5,supplier
63,22051458,483561169,483561169,1,plant
63,22051458,483561169,918209348,2,pod
63,22051458,483561169,918544568,3,pol
63,22051458,483561169,314585116,4,platform
63,22051458,483561169,163230001,5,platform
63,22051458,483561169,419974127,6,platform
63,22051458,483561169,22051458,7,supplier
64,664615293,316419034,316419034,1,plant
64,664615293,316419034,918209348,2,pod
64,664615293,316419034,918544568,3,pol
64,664615293,316419034,53657788,4,platform
64,664615293,316419034,664615293,5,supplier
65,211284884,483561169,483561169,1,plant
65,211284884,483561169,918209348,2,pod
65,211284884,483561169,918544568,3,pol
65,211284884,483561169,314585116,4,platform
65,211284884,483561169,163230001,5,platform
65,211284884,483561169,419974127,6,platform
65,211284884,483561169,211284884,7,supplier
66,510226046,483561169,483561169,1,plant
66,510226046,483561169,918209348,2,pod
66,510226046,483561169,832722601,3,pol
66,510226046,483561169,387175347,4,platform
66,510226046,483561169,510226046,5,supplier
67,964369397,483561169,483561169,1,plant
67,964369397,483561169,918209348,2,pod
67,964369397,483561169,832722601,3,pol
67,964369397,483561169,387175347,4,platform
67,964369397,483561169,964369397,5,supplier
68,199726318,57844131,57844131,1,plant
68,199726318,57844131,918209348,2,pod
68,199726318,57844131,918544568,3,pol
68,199726318,57844131,314585116,4,platform
68,199726318,57844131,163230001,5,platform
68,199726318,57844131,199726318,6,supplier
69,761958479,483561169,483561169,1,plant
69,761958479,483561169,179552971,2,platform
69,761958479,483561169,761958479,3,supplier
70,551232467,993578920,993578920,1,plant
70,551232467,993578920,918209348,2,pod
70,551232467,993578920,918544568,3,pol
70,551232467,993578920,53657788,4,platform
70,551232467,993578920,551232467,5,supplier
71,689282245,993578920,993578920,1,plant
71,689282245,993578920,918209348,2,pod
71,689282245,993578920,918544568,3,pol
71,689282245,993578920,314585116,4,platform
71,689282245,993578920,689282245,5,supplier
72,121955469,483561169,483561169,1,plant
72,121955469,483561169,121955469,2,supplier
73,131570568,57844131,57844131,1,plant
73,131570568,57844131,918209348,2,pod
73,131570568,57844131,918544568,3,pol
73,131570568,57844131,314585116,4,platform
73,131570568,57844131,131570568,5,supplier
74,910685645,483561169,483561169,1,plant
74,910685645,483561169,918209348,2,pod
74,910685645,483561169,832722601,3,pol
74,910685645,483561169,387175347,4,platform
74,910685645,483561169,910685645,5,supplier
75,676086880,483561169,483561169,1,plant
75,676086880,483561169,918209348,2,pod
75,676086880,483561169,832722601,3,pol
75,676086880,483561169,387175347,4,platform
75,676086880,483561169,676086880,5,supplier
76,803454637,581313122,581313122,1,plant
76,803454637,581313122,20404874,2,pod
76,803454637,581313122,918544568,3,pol
76,803454637,581313122,314585116,4,platform
76,803454637,581313122,163230001,5,platform
76,803454637,581313122,419974127,6,platform
76,803454637,581313122,803454637,7,supplier
77,127079249,57844131,57844131,1,plant
77,127079249,57844131,918209348,2,pod
77,127079249,57844131,918544568,3,pol
77,127079249,57844131,53657788,4,platform
77,127079249,57844131,127079249,5,supplier
78,268579934,483561169,483561169,1,plant
78,268579934,483561169,918209348,2,pod
78,268579934,483561169,832722601,3,pol
78,268579934,483561169,387175347,4,platform
78,268579934,483561169,268579934,5,supplier
79,121955469,993578920,993578920,1,plant
79,121955469,993578920,918209348,2,pod
79,121955469,993578920,918544568,3,pol
79,121955469,993578920,314585116,4,platform
79,121955469,993578920,163230001,5,platform
79,121955469,993578920,121955469,6,supplier
80,25551986,483561169,483561169,1,plant
80,25551986,483561169,918209348,2,pod
80,25551986,483561169,832722601,3,pol
80,25551986,483561169,387175347,4,platform
80,25551986,483561169,25551986,5,supplier
81,213341250,57844131,57844131,1,plant
81,213341250,57844131,918209348,2,pod
81,213341250,57844131,918544568,3,pol
81,213341250,57844131,53657788,4,platform
81,213341250,57844131,853788440,5,platform
81,213341250,57844131,213341250,6,supplier
82,131570568,483561169,483561169,1,plant
82,131570568,483561169,918209348,2,pod
82,131570568,483561169,918544568,3,pol
82,131570568,483561169,314585116,4,platform
82,131570568,483561169,131570568,5,supplier
83,963128393,57844131,57844131,1,plant
83,963128393,57844131,918209348,2,pod
83,963128393,57844131,918544568,3,pol
83,963128393,57844131,314585116,4,platform
83,963128393,57844131,163230001,5,platform
83,963128393,57844131,419974127,6,platform
83,963128393,57844131,963128393,7,supplier
84,623887493,316419034,316419034,1,plant
84,623887493,316419034,918209348,2,pod
84,623887493,316419034,918544568,3,pol
84,623887493,316419034,53657788,4,platform
84,623887493,316419034,623887493,5,supplier
85,255866357,581313122,581313122,1,plant
85,255866357,581313122,20404874,2,pod
85,255866357,581313122,918544568,3,pol
85,255866357,581313122,53657788,4,platform
85,255866357,581313122,255866357,5,supplier
86,227473958,581313122,581313122,1,plant
86,227473958,581313122,20404874,2,pod
86,227473958,581313122,918544568,3,pol
86,227473958,581313122,53657788,4,platform
86,227473958,581313122,227473958,5,supplier
87,998838758,993578920,993578920,1,plant
87,998838758,993578920,918209348,2,pod
87,998838758,993578920,918544568,3,pol
87,998838758,993578920,314585116,4,platform
87,998838758,993578920,163230001,5,platform
87,998838758,993578920,419974127,6,platform
87,998838758,993578920,998838758,7,supplier
88,664615293,993578920,993578920,1,plant
88,664615293,993578920,918209348,2,pod
88,664615293,993578920,918544568,3,pol
88,664615293,993578920,53657788,4,platform
88,664615293,993578920,853788440,5,platform
88,664615293,993578920,664615293,6,supplier
89,97202959,483561169,483561169,1,plant
89,97202959,483561169,918209348,2,pod
89,97202959,483561169,832722601,3,pol
89,97202959,483561169,387175347,4,platform
89,97202959,483561169,97202959,5,supplier
90,725901106,483561169,483561169,1,plant
90,725901106,483561169,725901106,2,supplier
91,740030713,483561169,483561169,1,plant
91,740030713,483561169,918209348,2,pod
91,740030713,483561169,832722601,3,pol
91,740030713,483561169,387175347,4,platform
91,740030713,483561169,740030713,5,supplier
92,3654140,57844131,57844131,1,plant
92,3654140,57844131,918209348,2,pod
92,3654140,57844131,918544568,3,pol
92,3654140,57844131,53657788,4,platform
92,3654140,57844131,3654140,5,supplier
93,678462586,57844131,57844131,1,plant
93,678462586,57844131,678462586,2,supplier
94,21332992,57844131,57844131,1,plant
94,21332992,57844131,918209348,2,pod
94,21332992,57844131,918544568,3,pol
94,21332992,57844131,53657788,4,platform
94,21332992,57844131,853788440,5,platform
94,21332992,57844131,21332992,6,supplier
95,657538482,993578920,993578920,1,plant
95,657538482,993578920,918209348,2,pod
95,657538482,993578920,918544568,3,pol
95,657538482,993578920,53657788,4,platform
95,657538482,993578920,853788440,5,platform
95,657538482,993578920,657538482,6,supplier
96,3654140,483561169,483561169,1,plant
96,3654140,483561169,918209348,2,pod
96,3654140,483561169,918544568,3,pol
96,3654140,483561169,53657788,4,platform
96,3654140,483561169,3654140,5,supplier
97,520652348,57844131,57844131,1,plant
97,520652348,57844131,918209348,2,pod
97,520652348,57844131,918544568,3,pol
97,520652348,57844131,53657788,4,platform
97,520652348,57844131,520652348,5,supplier
98,468536876,57844131,57844131,1,plant
98,468536876,57844131,468536876,2,supplier
99,910685645,57844131,57844131,1,plant
99,910685645,57844131,918209348,2,pod
99,910685645,57844131,832722601,3,pol
99,910685645,57844131,387175347,4,platform
99,910685645,57844131,910685645,5,supplier
100,758193313,316419034,316419034,1,plant
100,758193313,316419034,758193313,2,supplier
101,513302459,316419034,316419034,1,plant
101,513302459,316419034,918209348,2,pod
101,513302459,316419034,918544568,3,pol
101,513302459,316419034,53657788,4,platform
101,513302459,316419034,853788440,5,platform
101,513302459,316419034,513302459,6,supplier
102,3654140,993578920,993578920,1,plant
102,3654140,993578920,918209348,2,pod
102,3654140,993578920,918544568,3,pol
102,3654140,993578920,314585116,4,platform
102,3654140,993578920,163230001,5,platform
102,3654140,993578920,419974127,6,platform
102,3654140,993578920,3654140,7,supplier
103,834078589,483561169,483561169,1,plant
103,834078589,483561169,918209348,2,pod
103,834078589,483561169,832722601,3,pol
103,834078589,483561169,387175347,4,platform
103,834078589,483561169,834078589,5,supplier
104,24534301,57844131,57844131,1,plant
104,24534301,57844131,918209348,2,pod
104,24534301,57844131,832722601,3,pol
104,24534301,57844131,387175347,4,platform
104,24534301,57844131,24534301,5,supplier
105,480500311,483561169,483561169,1,plant
105,480500311,483561169,918209348,2,pod
105,480500311,483561169,832722601,3,pol
105,480500311,483561169,387175347,4,platform
105,480500311,483561169,480500311,5,supplier
106,718365076,483561169,483561169,1,plant
106,718365076,483561169,918209348,2,pod
106,718365076,483561169,918544568,3,pol
106,718365076,483561169,314585116,4,platform
106,718365076,483561169,163230001,5,platform
106,718365076,483561169,419974127,6,platform
106,718365076,483561169,718365076,7,supplier
107,713150620,483561169,483561169,1,plant
107,713150620,483561169,179552971,2,platform
107,713150620,483561169,713150620,3,supplier
108,303114392,483561169,483561169,1,plant
108,303114392,483561169,918209348,2,pod
108,303114392,483561169,832722601,3,pol
108,303114392,483561169,387175347,4,platform
108,303114392,483561169,303114392,5,supplier
109,228466308,57844131,57844131,1,plant
109,228466308,57844131,228466308,2,supplier
110,510226046,993578920,993578920,1,plant
110,510226046,993578920,918209348,2,pod
110,510226046,993578920,832722601,3,pol
110,510226046,993578920,387175347,4,platform
110,510226046,993578920,510226046,5,supplier
111,153981703,483561169,483561169,1,plant
111,153981703,483561169,179552971,2,platform
111,153981703,483561169,153981703,3,supplier
112,590063067,483561169,483561169,1,plant
112,590063067,483561169,918209348,2,pod
112,590063067,483561169,832722601,3,pol
112,590063067,483561169,387175347,4,platform
112,590063067,483561169,590063067,5,supplier
113,591669998,316419034,316419034,1,plant
113,591669998,316419034,918209348,2,pod
113,591669998,316419034,832722601,3,pol
113,591669998,316419034,387175347,4,platform
113,591669998,316419034,591669998,5,supplier
114,1084956,316419034,316419034,1,plant
114,1084956,316419034,918209348,2,pod
114,1084956,316419034,832722601,3,pol
114,1084956,316419034,387175347,4,platform
114,1084956,316419034,1084956,5,supplier
115,922418600,581313122,581313122,1,plant
115,922418600,581313122,20404874,2,pod
115,922418600,581313122,918544568,3,pol
115,922418600,581313122,53657788,4,platform
115,922418600,581313122,922418600,5,supplier
116,712203973,316419034,316419034,1,plant
116,712203973,316419034,918209348,2,pod
116,712203973,316419034,918544568,3,pol
116,712203973,316419034,53657788,4,platform
116,712203973,316419034,712203973,5,supplier
117,917814316,316419034,316419034,1,plant
117,917814316,316419034,918209348,2,pod
117,917814316,316419034,832722601,3,pol
117,917814316,316419034,387175347,4,platform
117,917814316,316419034,917814316,5,supplier
118,462588445,316419034,316419034,1,plant
118,462588445,316419034,918209348,2,pod
118,462588445,316419034,918544568,3,pol
118,462588445,316419034,53657788,4,platform
118,462588445,316419034,462588445,5,supplier
119,248825544,316419034,316419034,1,plant
119,248825544,316419034,918209348,2,pod
119,248825544,316419034,918544568,3,pol
119,248825544,316419034,314585116,4,platform
119,248825544,316419034,163230001,5,platform
119,248825544,316419034,419974127,6,platform
119,248825544,316419034,248825544,7,supplier
120,362859666,316419034,316419034,1,plant
120,362859666,316419034,918209348,2,pod
120,362859666,316419034,918544568,3,pol
120,362859666,316419034,314585116,4,platform
120,362859666,316419034,163230001,5,platform
120,362859666,316419034,419974127,6,platform
120,362859666,316419034,362859666,7,supplier
121,950530832,316419034,316419034,1,plant
121,950530832,316419034,918209348,2,pod
121,950530832,316419034,918544568,3,pol
121,950530832,316419034,53657788,4,platform
121,950530832,316419034,950530832,5,supplier
122,689282245,581313122,581313122,1,plant
122,689282245,581313122,20404874,2,pod
122,689282245,581313122,918544568,3,pol
122,689282245,581313122,314585116,4,platform
122,689282245,581313122,689282245,5,supplier
123,995389961,581313122,581313122,1,plant
123,995389961,581313122,20404874,2,pod
123,995389961,581313122,918544568,3,pol
123,995389961,581313122,314585116,4,platform
123,995389961,581313122,163230001,5,platform
123,995389961,581313122,419974127,6,platform
123,995389961,581313122,995389961,7,supplier
124,974574588,581313122,581313122,1,plant
124,974574588,581313122,20404874,2,pod
124,974574588,581313122,918544568,3,pol
124,974574588,581313122,53657788,4,platform
124,974574588,581313122,974574588,5,supplier
125,392558375,57844131,57844131,1,plant
125,392558375,57844131,918209348,2,pod
125,392558375,57844131,832722601,3,pol
125,392558375,57844131,387175347,4,platform
125,392558375,57844131,392558375,5,supplier
126,803454637,483561169,483561169,1,plant
126,803454637,483561169,803454637,2,supplier
127,171648541,581313122,581313122,1,plant
127,171648541,581313122,20404874,2,pod
127,171648541,581313122,918544568,3,pol
127,171648541,581313122,53657788,4,platform
127,171648541,581313122,853788440,5,platform
127,171648541,581313122,171648541,6,supplier
128,634932056,316419034,316419034,1,plant
128,634932056,316419034,179552971,2,platform
128,634932056,316419034,634932056,3,supplier
129,67201145,57844131,57844131,1,plant
129,67201145,57844131,918209348,2,pod
129,67201145,57844131,918544568,3,pol
129,67201145,57844131,53657788,4,platform
129,67201145,57844131,67201145,5,supplier
130,204162288,316419034,316419034,1,plant
130,204162288,316419034,918209348,2,pod
130,204162288,316419034,918544568,3,pol
130,204162288,316419034,53657788,4,platform
130,204162288,316419034,204162288,5,supplier
131,190302748,993578920,993578920,1,plant
131,190302748,993578920,918209348,2,pod
131,190302748,993578920,832722601,3,pol
131,190302748,993578920,387175347,4,platform
131,190302748,993578920,190302748,5,supplier
132,898547566,57844131,57844131,1,plant
132,898547566,57844131,898547566,2,supplier
133,169204952,483561169,483561169,1,plant
133,169204952,483561169,918209348,2,pod
133,169204952,483561169,918544568,3,pol
133,169204952,483561169,53657788,4,platform
133,169204952,483561169,853788440,5,platform
133,169204952,483561169,169204952,6,supplier
134,298165647,316419034,316419034,1,plant
134,298165647,316419034,918209348,2,pod
134,298165647,316419034,832722601,3,pol
134,298165647,316419034,387175347,4,platform
134,298165647,316419034,298165647,5,supplier
135,131570568,316419034,316419034,1,plant
135,131570568,316419034,918209348,2,pod
135,131570568,316419034,918544568,3,pol
135,131570568,316419034,314585116,4,platform
135,131570568,316419034,131570568,5,supplier
136,446680672,316419034,316419034,1,plant
136,446680672,316419034,918209348,2,pod
136,446680672,316419034,832722601,3,pol
136,446680672,316419034,387175347,4,platform
136,446680672,316419034,446680672,5,supplier
137,391949991,316419034,316419034,1,plant
137,391949991,316419034,918209348,2,pod
137,391949991,316419034,832722601,3,pol
137,391949991,316419034,387175347,4,platform
137,391949991,316419034,391949991,5,supplier
138,614789091,316419034,316419034,1,plant
138,614789091,316419034,918209348,2,pod
138,614789091,316419034,832722601,3,pol
138,614789091,316419034,387175347,4,platform
138,614789091,316419034,614789091,5,supplier
139,31326096,316419034,316419034,1,plant
139,31326096,316419034,31326096,2,supplier
140,377058569,57844131,57844131,1,plant
140,377058569,57844131,918209348,2,pod
140,377058569,57844131,832722601,3,pol
140,377058569,57844131,387175347,4,platform
140,377058569,57844131,377058569,5,supplier
141,798682395,57844131,57844131,1,plant
141,798682395,57844131,798682395,2,supplier
142,803454637,57844131,57844131,1,plant
142,803454637,57844131,803454637,2,supplier
143,492762922,57844131,57844131,1,plant
143,492762922,57844131,918209348,2,pod
143,492762922,57844131,918544568,3,pol
143,492762922,57844131,53657788,4,platform
143,492762922,57844131,492762922,5,supplier
144,492762922,483561169,483561169,1,plant
144,492762922,483561169,918209348,2,pod
144,492762922,483561169,918544568,3,pol
144,492762922,483561169,53657788,4,platform
144,492762922,483561169,492762922,5,supplier
145,955465255,993578920,993578920,1,plant
145,955465255,993578920,918209348,2,pod
145,955465255,993578920,832722601,3,pol
145,955465255,993578920,387175347,4,platform
145,955465255,993578920,955465255,5,supplier
146,884040182,483561169,483561169,1,plant
146,884040182,483561169,918209348,2,pod
146,884040182,483561169,832722601,3,pol
146,884040182,483561169,387175347,4,platform
146,884040182,483561169,884040182,5,supplier
147,338772357,993578920,993578920,1,plant
147,338772357,993578920,338772357,2,supplier
148,689282245,483561169,483561169,1,plant
148,689282245,483561169,689282245,2,supplier
149,118102386,483561169,483561169,1,plant
149,118102386,483561169,918209348,2,pod
149,118102386,483561169,832722601,3,pol
149,118102386,483561169,387175347,4,platform
149,118102386,483561169,118102386,5,supplier
150,924045627,483561169,483561169,1,plant
150,924045627,483561169,924045627,2,supplier
151,554579068,57844131,57844131,1,plant
151,554579068,57844131,554579068,2,supplier
152,84357455,57844131,57844131,1,plant
152,84357455,57844131,84357455,2,supplier
153,559786200,57844131,57844131,1,plant
153,559786200,57844131,918209348,2,pod
153,559786200,57844131,832722601,3,pol
153,559786200,57844131,387175347,4,platform
153,559786200,57844131,559786200,5,supplier
154,590063067,57844131,57844131,1,plant
154,590063067,57844131,918209348,2,pod
154,590063067,57844131,832722601,3,pol
154,590063067,57844131,387175347,4,platform
154,590063067,57844131,590063067,5,supplier
155,631877779,57844131,57844131,1,plant
155,631877779,57844131,918209348,2,pod
155,631877779,57844131,918544568,3,pol
155,631877779,57844131,53657788,4,platform
155,631877779,57844131,631877779,5,supplier
156,32619691,57844131,57844131,1,plant
156,32619691,57844131,918209348,2,pod
156,32619691,57844131,918544568,3,pol
156,32619691,57844131,53657788,4,platform
156,32619691,57844131,32619691,5,supplier
157,898547566,483561169,483561169,1,plant
157,898547566,483561169,898547566,2,supplier
158,190302748,483561169,483561169,1,plant
158,190302748,483561169,918209348,2,pod
158,190302748,483561169,832722601,3,pol
158,190302748,483561169,387175347,4,platform
158,190302748,483561169,190302748,5,supplier
159,23825139,993578920,993578920,1,plant
159,23825139,993578920,918209348,2,pod
159,23825139,993578920,832722601,3,pol
159,23825139,993578920,387175347,4,platform
159,23825139,993578920,23825139,5,supplier
160,169204952,57844131,57844131,1,plant
160,169204952,57844131,918209348,2,pod
160,169204952,57844131,918544568,3,pol
160,169204952,57844131,53657788,4,platform
160,169204952,57844131,169204952,5,supplier
161,973772572,57844131,57844131,1,plant
161,973772572,57844131,918209348,2,pod
161,973772572,57844131,918544568,3,pol
161,973772572,57844131,53657788,4,platform
161,973772572,57844131,853788440,5,platform
161,973772572,57844131,973772572,6,supplier
162,102977820,57844131,57844131,1,plant
162,102977820,57844131,918209348,2,pod
162,102977820,57844131,918544568,3,pol
162,102977820,57844131,53657788,4,platform
162,102977820,57844131,102977820,5,supplier
163,208828565,483561169,483561169,1,plant
163,208828565,483561169,918209348,2,pod
163,208828565,483561169,832722601,3,pol
163,208828565,483561169,387175347,4,platform
163,208828565,483561169,208828565,5,supplier
164,340031626,57844131,57844131,1,plant
164,340031626,57844131,340031626,2,supplier
165,974574588,483561169,483561169,1,plant
165,974574588,483561169,918209348,2,pod
165,974574588,483561169,918544568,3,pol
165,974574588,483561169,53657788,4,platform
165,974574588,483561169,974574588,5,supplier
166,838235273,993578920,993578920,1,plant
166,838235273,993578920,918209348,2,pod
166,838235273,993578920,832722601,3,pol
166,838235273,993578920,387175347,4,platform
166,838235273,993578920,838235273,5,supplier
167,461266979,316419034,316419034,1,plant
167,461266979,316419034,918209348,2,pod
167,461266979,316419034,918544568,3,pol
167,461266979,316419034,314585116,4,platform
167,461266979,316419034,163230001,5,platform
167,461266979,316419034,419974127,6,platform
167,461266979,316419034,461266979,7,supplier
168,248370194,57844131,57844131,1,plant
168,248370194,57844131,918209348,2,pod
168,248370194,57844131,918544568,3,pol
168,248370194,57844131,53657788,4,platform
168,248370194,57844131,248370194,5,supplier
169,713150620,57844131,57844131,1,plant
169,713150620,57844131,713150620,2,supplier
170,558937861,483561169,483561169,1,plant
170,558937861,483561169,918209348,2,pod
170,558937861,483561169,832722601,3,pol
170,558937861,483561169,387175347,4,platform
170,558937861,483561169,558937861,5,supplier
171,405864589,316419034,316419034,1,plant
171,405864589,316419034,918209348,2,pod
171,405864589,316419034,918544568,3,pol
171,405864589,316419034,53657788,4,platform
171,405864589,316419034,405864589,5,supplier
172,260110287,316419034,316419034,1,plant
172,260110287,316419034,918209348,2,pod
172,260110287,316419034,832722601,3,pol
172,260110287,316419034,387175347,4,platform
172,260110287,316419034,260110287,5,supplier
173,465126890,316419034,316419034,1,plant
173,465126890,316419034,465126890,2,supplier
174,689282245,316419034,316419034,1,plant
174,689282245,316419034,689282245,2,supplier
175,38077356,483561169,483561169,1,plant
175,38077356,483561169,918209348,2,pod
175,38077356,483561169,918544568,3,pol
175,38077356,483561169,53657788,4,platform
175,38077356,483561169,38077356,5,supplier
176,13452006,57844131,57844131,1,plant
176,13452006,57844131,918209348,2,pod
176,13452006,57844131,832722601,3,pol
176,13452006,57844131,387175347,4,platform
176,13452006,57844131,13452006,5,supplier
177,992268167,57844131,57844131,1,plant
177,992268167,57844131,918209348,2,pod
177,992268167,57844131,832722601,3,pol
177,992268167,57844131,387175347,4,platform
177,992268167,57844131,992268167,5,supplier
178,662491052,316419034,316419034,1,plant
178,662491052,316419034,918209348,2,pod
178,662491052,316419034,832722601,3,pol
178,662491052,316419034,387175347,4,platform
178,662491052,316419034,662491052,5,supplier
179,510226046,57844131,57844131,1,plant
179,510226046,57844131,918209348,2,pod
179,510226046,57844131,832722601,3,pol
179,510226046,57844131,387175347,4,platform
179,510226046,57844131,510226046,5,supplier
180,928059592,993578920,993578920,1,plant
180,928059592,993578920,918209348,2,pod
180,928059592,993578920,918544568,3,pol
180,928059592,993578920,53657788,4,platform
180,928059592,993578920,928059592,5,supplier
181,834078589,57844131,57844131,1,plant
181,834078589,57844131,918209348,2,pod
181,834078589,57844131,832722601,3,pol
181,834078589,57844131,387175347,4,platform
181,834078589,57844131,834078589,5,supplier
182,973186636,316419034,316419034,1,plant
182,973186636,316419034,973186636,2,supplier
183,495305457,483561169,483561169,1,plant
183,495305457,483561169,918209348,2,pod
183,495305457,483561169,832722601,3,pol
183,495305457,483561169,387175347,4,platform
183,495305457,483561169,495305457,5,supplier
184,643019535,316419034,316419034,1,plant
184,643019535,316419034,918209348,2,pod
184,643019535,316419034,918544568,3,pol
184,643019535,316419034,53657788,4,platform
184,643019535,316419034,643019535,5,supplier
185,706093117,483561169,483561169,1,plant
185,706093117,483561169,918209348,2,pod
185,706093117,483561169,918544568,3,pol
185,706093117,483561169,53657788,4,platform
185,706093117,483561169,853788440,5,platform
185,706093117,483561169,706093117,6,supplier
186,581456121,581313122,581313122,1,plant
186,581456121,581313122,581456121,2,supplier
187,127079249,483561169,483561169,1,plant
187,127079249,483561169,918209348,2,pod
187,127079249,483561169,918544568,3,pol
187,127079249,483561169,53657788,4,platform
187,127079249,483561169,127079249,5,supplier
188,902154544,483561169,483561169,1,plant
188,902154544,483561169,902154544,2,supplier
189,255866357,483561169,483561169,1,plant
189,255866357,483561169,918209348,2,pod
189,255866357,483561169,918544568,3,pol
189,255866357,483561169,53657788,4,platform
189,255866357,483561169,255866357,5,supplier
190,597320442,57844131,57844131,1,plant
190,597320442,57844131,918209348,2,pod
190,597320442,57844131,918544568,3,pol
190,597320442,57844131,53657788,4,platform
190,597320442,57844131,597320442,5,supplier
191,340031626,993578920,993578920,1,plant
191,340031626,993578920,918209348,2,pod
191,340031626,993578920,918544568,3,pol
191,340031626,993578920,314585116,4,platform
191,340031626,993578920,340031626,5,supplier
192,28049792,57844131,57844131,1,plant
192,28049792,57844131,918209348,2,pod
192,28049792,57844131,832722601,3,pol
192,28049792,57844131,387175347,4,platform
192,28049792,57844131,28049792,5,supplier
193,462588445,581313122,581313122,1,plant
193,462588445,581313122,20404874,2,pod
193,462588445,581313122,918544568,3,pol
193,462588445,581313122,53657788,4,platform
193,462588445,581313122,462588445,5,supplier
194,578014259,316419034,316419034,1,plant
194,578014259,316419034,918209348,2,pod
194,578014259,316419034,918544568,3,pol
194,578014259,316419034,53657788,4,platform
194,578014259,316419034,578014259,5,supplier
195,902154544,57844131,57844131,1,plant
195,902154544,57844131,918209348,2,pod
195,902154544,57844131,918544568,3,pol
195,902154544,57844131,53657788,4,platform
195,902154544,57844131,902154544,5,supplier
196,475703713,316419034,316419034,1,plant
196,475703713,316419034,918209348,2,pod
196,475703713,316419034,918544568,3,pol
196,475703713,316419034,53657788,4,platform
196,475703713,316419034,475703713,5,supplier
197,558937861,316419034,316419034,1,plant
197,558937861,316419034,918209348,2,pod
197,558937861,316419034,832722601,3,pol
197,558937861,316419034,387175347,4,platform
197,558937861,316419034,558937861,5,supplier
198,982948040,316419034,316419034,1,plant
198,982948040,316419034,918209348,2,pod
198,982948040,316419034,832722601,3,pol
198,982948040,316419034,387175347,4,platform
198,982948040,316419034,982948040,5,supplier
199,731584786,483561169,483561169,1,plant
199,731584786,483561169,918209348,2,pod
199,731584786,483561169,918544568,3,pol
199,731584786,483561169,53657788,4,platform
199,731584786,483561169,853788440,5,platform
199,731584786,483561169,731584786,6,supplier
200,987033478,57844131,57844131,1,plant
200,987033478,57844131,987033478,2,supplier
201,314465644,483561169,483561169,1,plant
201,314465644,483561169,918209348,2,pod
201,314465644,483561169,832722601,3,pol
201,314465644,483561169,387175347,4,platform
201,314465644,483561169,314465644,5,supplier
202,227473958,483561169,483561169,1,plant
202,227473958,483561169,918209348,2,pod
202,227473958,483561169,918544568,3,pol
202,227473958,483561169,53657788,4,platform
202,227473958,483561169,227473958,5,supplier
203,839969999,581313122,581313122,1,plant
203,839969999,581313122,20404874,2,pod
203,839969999,581313122,918544568,3,pol
203,839969999,581313122,53657788,4,platform
203,839969999,581313122,839969999,5,supplier
204,636363370,316419034,316419034,1,plant
204,636363370,316419034,918209348,2,pod
204,636363370,316419034,832722601,3,pol
204,636363370,316419034,387175347,4,platform
204,636363370,316419034,636363370,5,supplier
205,804581655,483561169,483561169,1,plant
205,804581655,483561169,804581655,2,supplier
206,28049792,581313122,581313122,1,plant
206,28049792,581313122,20404874,2,pod
206,28049792,581313122,918544568,3,pol
206,28049792,581313122,53657788,4,platform
206,28049792,581313122,188609814,5,pod
206,28049792,581313122,832722601,6,pol
206,28049792,581313122,387175347,7,platform
206,28049792,581313122,28049792,8,supplier
207,616867464,316419034,316419034,1,plant
207,616867464,316419034,918209348,2,pod
207,616867464,316419034,918544568,3,pol
207,616867464,316419034,314585116,4,platform
207,616867464,316419034,163230001,5,platform
207,616867464,316419034,616867464,6,supplier
208,592782420,483561169,483561169,1,plant
208,592782420,483561169,592782420,2,supplier
209,592782420,57844131,57844131,1,plant
209,592782420,57844131,592782420,2,supplier
210,675618164,993578920,993578920,1,plant
210,675618164,993578920,918209348,2,pod
210,675618164,993578920,918544568,3,pol
210,675618164,993578920,53657788,4,platform
210,675618164,993578920,853788440,5,platform
210,675618164,993578920,675618164,6,supplier
211,213341250,483561169,483561169,1,plant
211,213341250,483561169,918209348,2,pod
211,213341250,483561169,918544568,3,pol
211,213341250,483561169,53657788,4,platform
211,213341250,483561169,853788440,5,platform
211,213341250,483561169,213341250,6,supplier
212,185152967,483561169,483561169,1,plant
212,185152967,483561169,918209348,2,pod
212,185152967,483561169,832722601,3,pol
212,185152967,483561169,387175347,4,platform
212,185152967,483561169,185152967,5,supplier
213,784842209,57844131,57844131,1,plant
213,784842209,57844131,784842209,2,supplier
214,23825139,483561169,483561169,1,plant
214,23825139,483561169,918209348,2,pod
214,23825139,483561169,832722601,3,pol
214,23825139,483561169,387175347,4,platform
214,23825139,483561169,23825139,5,supplier
215,604996203,483561169,483561169,1,plant
215,604996203,483561169,604996203,2,supplier
216,534433253,57844131,57844131,1,plant
216,534433253,57844131,534433253,2,supplier
217,82395406,57844131,57844131,1,plant
217,82395406,57844131,82395406,2,supplier
218,571793493,57844131,57844131,1,plant
218,571793493,57844131,571793493,2,supplier
219,208759037,483561169,483561169,1,plant
219,208759037,483561169,918209348,2,pod
219,208759037,483561169,918544568,3,pol
219,208759037,483561169,314585116,4,platform
219,208759037,483561169,163230001,5,platform
219,208759037,483561169,419974127,6,platform
219,208759037,483561169,208759037,7,supplier
220,963128393,316419034,316419034,1,plant
220,963128393,316419034,918209348,2,pod
220,963128393,316419034,918544568,3,pol
220,963128393,316419034,314585116,4,platform
220,963128393,316419034,163230001,5,platform
220,963128393,316419034,419974127,6,platform
220,963128393,316419034,963128393,7,supplier
221,747625040,483561169,483561169,1,plant
221,747625040,483561169,918209348,2,pod
221,747625040,483561169,918544568,3,pol
221,747625040,483561169,314585116,4,platform
221,747625040,483561169,163230001,5,platform
221,747625040,483561169,747625040,6,supplier
222,923117674,57844131,57844131,1,plant
222,923117674,57844131,918209348,2,pod
222,923117674,57844131,918544568,3,pol
222,923117674,57844131,314585116,4,platform
222,923117674,57844131,923117674,5,supplier
223,239387345,57844131,57844131,1,plant
223,239387345,57844131,918209348,2,pod
223,239387345,57844131,918544568,3,pol
223,239387345,57844131,314585116,4,platform
223,239387345,57844131,163230001,5,platform
223,239387345,57844131,419974127,6,platform
223,239387345,57844131,239387345,7,supplier
224,289702005,581313122,581313122,1,plant
224,289702005,581313122,20404874,2,pod
224,289702005,581313122,918544568,3,pol
224,289702005,581313122,314585116,4,platform
224,289702005,581313122,163230001,5,platform
224,289702005,581313122,289702005,6,supplier
225,513075653,993578920,993578920,1,plant
225,513075653,993578920,918209348,2,pod
225,513075653,993578920,832722601,3,pol
225,513075653,993578920,387175347,4,platform
225,513075653,993578920,180858621,5,platform
225,513075653,993578920,513075653,6,supplier
226,211200112,57844131,57844131,1,plant
226,211200112,57844131,918209348,2,pod
226,211200112,57844131,918544568,3,pol
226,211200112,57844131,314585116,4,platform
226,211200112,57844131,163230001,5,platform
226,211200112,57844131,419974127,6,platform
226,211200112,57844131,211200112,7,supplier
227,826976899,57844131,57844131,1,plant
227,826976899,57844131,918209348,2,pod
227,826976899,57844131,918544568,3,pol
227,826976899,57844131,314585116,4,platform
227,826976899,57844131,163230001,5,platform
227,826976899,57844131,826976899,6,supplier
228,741870848,993578920,993578920,1,plant
228,741870848,993578920,918209348,2,pod
228,741870848,993578920,918544568,3,pol
228,741870848,993578920,314585116,4,platform
228,741870848,993578920,163230001,5,platform
228,741870848,993578920,741870848,6,supplier
229,117724745,57844131,57844131,1,plant
229,117724745,57844131,918209348,2,pod
229,117724745,57844131,918544568,3,pol
229,117724745,57844131,314585116,4,platform
229,117724745,57844131,163230001,5,platform
229,117724745,57844131,419974127,6,platform
229,117724745,57844131,117724745,7,supplier
230,239387345,483561169,483561169,1,plant
230,239387345,483561169,918209348,2,pod
230,239387345,483561169,918544568,3,pol
230,239387345,483561169,314585116,4,platform
230,239387345,483561169,163230001,5,platform
230,239387345,483561169,419974127,6,platform
230,239387345,483561169,239387345,7,supplier
231,181867470,316419034,316419034,1,plant
231,181867470,316419034,918209348,2,pod
231,181867470,316419034,918544568,3,pol
231,181867470,316419034,314585116,4,platform
231,181867470,316419034,163230001,5,platform
231,181867470,316419034,419974127,6,platform
231,181867470,316419034,181867470,7,supplier
232,513075653,57844131,57844131,1,plant
232,513075653,57844131,918209348,2,pod
232,513075653,57844131,832722601,3,pol
232,513075653,57844131,387175347,4,platform
232,513075653,57844131,180858621,5,platform
232,513075653,57844131,513075653,6,supplier
233,931784133,581313122,581313122,1,plant
233,931784133,581313122,20404874,2,pod
233,931784133,581313122,918544568,3,pol
233,931784133,581313122,314585116,4,platform
233,931784133,581313122,163230001,5,platform
233,931784133,581313122,419974127,6,platform
233,931784133,581313122,931784133,7,supplier
234,631877779,993578920,993578920,1,plant
234,631877779,993578920,918209348,2,pod
234,631877779,993578920,918544568,3,pol
234,631877779,993578920,53657788,4,platform
234,631877779,993578920,631877779,5,supplier
235,22051458,57844131,57844131,1,plant
235,22051458,57844131,918209348,2,pod
235,22051458,57844131,918544568,3,pol
235,22051458,57844131,314585116,4,platform
235,22051458,57844131,163230001,5,platform
235,22051458,57844131,419974127,6,platform
235,22051458,57844131,22051458,7,supplier
236,679636403,316419034,316419034,1,plant
236,679636403,316419034,918209348,2,pod
236,679636403,316419034,832722601,3,pol
236,679636403,316419034,387175347,4,platform
236,679636403,316419034,679636403,5,supplier
237,603627509,993578920,993578920,1,plant
237,603627509,993578920,918209348,2,pod
237,603627509,993578920,918544568,3,pol
237,603627509,993578920,314585116,4,platform
237,603627509,993578920,163230001,5,platform
237,603627509,993578920,603627509,6,supplier
238,662491052,57844131,57844131,1,plant
238,662491052,57844131,918209348,2,pod
238,662491052,57844131,832722601,3,pol
238,662491052,57844131,387175347,4,platform
238,662491052,57844131,662491052,5,supplier
239,137305128,316419034,316419034,1,plant
239,137305128,316419034,918209348,2,pod
239,137305128,316419034,918544568,3,pol
239,137305128,316419034,53657788,4,platform
239,137305128,316419034,137305128,5,supplier
240,199726318,483561169,483561169,1,plant
240,199726318,483561169,918209348,2,pod
240,199726318,483561169,918544568,3,pol
240,199726318,483561169,314585116,4,platform
240,199726318,483561169,163230001,5,platform
240,199726318,483561169,199726318,6,supplier
241,998838758,483561169,483561169,1,plant
241,998838758,483561169,918209348,2,pod
241,998838758,483561169,918544568,3,pol
241,998838758,483561169,314585116,4,platform
241,998838758,483561169,163230001,5,platform
241,998838758,483561169,419974127,6,platform
241,998838758,483561169,998838758,7,supplier
242,740030713,993578920,993578920,1,plant
242,740030713,993578920,918209348,2,pod
242,740030713,993578920,832722601,3,pol
242,740030713,993578920,387175347,4,platform
242,740030713,993578920,740030713,5,supplier
243,440088115,316419034,316419034,1,plant
243,440088115,316419034,918209348,2,pod
243,440088115,316419034,832722601,3,pol
243,440088115,316419034,387175347,4,platform
243,440088115,316419034,180858621,5,platform
243,440088115,316419034,440088115,6,supplier
244,220615689,316419034,316419034,1,plant
244,220615689,316419034,918209348,2,pod
244,220615689,316419034,918544568,3,pol
244,220615689,316419034,314585116,4,platform
244,220615689,316419034,163230001,5,platform
244,220615689,316419034,220615689,6,supplier
245,274312922,316419034,316419034,1,plant
245,274312922,316419034,918209348,2,pod
245,274312922,316419034,832722601,3,pol
245,274312922,316419034,387175347,4,platform
245,274312922,316419034,274312922,5,supplier
246,274312922,483561169,483561169,1,plant
246,274312922,483561169,918209348,2,pod
246,274312922,483561169,832722601,3,pol
246,274312922,483561169,387175347,4,platform
246,274312922,483561169,274312922,5,supplier
247,926014003,581313122,581313122,1,plant
247,926014003,581313122,20404874,2,pod
247,926014003,581313122,918544568,3,pol
247,926014003,581313122,53657788,4,platform
247,926014003,581313122,926014003,5,supplier
248,748753908,581313122,581313122,1,plant
248,748753908,581313122,20404874,2,pod
248,748753908,581313122,918544568,3,pol
248,748753908,581313122,53657788,4,platform
248,748753908,581313122,748753908,5,supplier
249,108616271,316419034,316419034,1,plant
249,108616271,316419034,918209348,2,pod
249,108616271,316419034,918544568,3,pol
249,108616271,316419034,53657788,4,platform
249,108616271,316419034,853788440,5,platform
249,108616271,316419034,108616271,6,supplier
250,680361602,483561169,483561169,1,plant
250,680361602,483561169,918209348,2,pod
250,680361602,483561169,918544568,3,pol
250,680361602,483561169,53657788,4,platform
250,680361602,483561169,680361602,5,supplier
251,784677662,993578920,993578920,1,plant
251,784677662,993578920,918209348,2,pod
251,784677662,993578920,918544568,3,pol
251,784677662,993578920,314585116,4,platform
251,784677662,993578920,163230001,5,platform
251,784677662,993578920,419974127,6,platform
251,784677662,993578920,784677662,7,supplier
252,955679066,483561169,483561169,1,plant
252,955679066,483561169,918209348,2,pod
252,955679066,483561169,832722601,3,pol
252,955679066,483561169,387175347,4,platform
252,955679066,483561169,955679066,5,supplier
253,688983600,581313122,581313122,1,plant
253,688983600,581313122,20404874,2,pod
253,688983600,581313122,918544568,3,pol
253,688983600,581313122,53657788,4,platform
253,688983600,581313122,188609814,5,pod
253,688983600,581313122,832722601,6,pol
253,688983600,581313122,387175347,7,platform
253,688983600,581313122,688983600,8,supplier
254,200624300,483561169,483561169,1,plant
254,200624300,483561169,918209348,2,pod
254,200624300,483561169,832722601,3,pol
254,200624300,483561169,387175347,4,platform
254,200624300,483561169,200624300,5,supplier
255,102977820,483561169,483561169,1,plant
255,102977820,483561169,918209348,2,pod
255,102977820,483561169,918544568,3,pol
255,102977820,483561169,53657788,4,platform
255,102977820,483561169,102977820,5,supplier
256,977818249,57844131,57844131,1,plant
256,977818249,57844131,918209348,2,pod
256,977818249,57844131,918544568,3,pol
256,977818249,57844131,53657788,4,platform
256,977818249,57844131,977818249,5,supplier
257,891137501,483561169,483561169,1,plant
257,891137501,483561169,918209348,2,pod
257,891137501,483561169,832722601,3,pol
257,891137501,483561169,387175347,4,platform
257,891137501,483561169,891137501,5,supplier
258,179806486,316419034,316419034,1,plant
258,179806486,316419034,918209348,2,pod
258,179806486,316419034,918544568,3,pol
258,179806486,316419034,314585116,4,platform
258,179806486,316419034,163230001,5,platform
258,179806486,316419034,419974127,6,platform
258,179806486,316419034,179806486,7,supplier
259,611021628,483561169,483561169,1,plant
259,611021628,483561169,918209348,2,pod
259,611021628,483561169,918544568,3,pol
259,611021628,483561169,53657788,4,platform
259,611021628,483561169,611021628,5,supplier
260,275066871,57844131,57844131,1,plant
260,275066871,57844131,918209348,2,pod
260,275066871,57844131,832722601,3,pol
260,275066871,57844131,387175347,4,platform
260,275066871,57844131,275066871,5,supplier
261,495305457,581313122,581313122,1,plant
261,495305457,581313122,20404874,2,pod
261,495305457,581313122,918544568,3,pol
261,495305457,581313122,53657788,4,platform
261,495305457,581313122,188609814,5,pod
261,495305457,581313122,832722601,6,pol
261,495305457,581313122,387175347,7,platform
261,495305457,581313122,495305457,8,supplier
262,691582882,581313122,581313122,1,plant
262,691582882,581313122,20404874,2,pod
262,691582882,581313122,918544568,3,pol
262,691582882,581313122,53657788,4,platform
262,691582882,581313122,853788440,5,platform
262,691582882,581313122,691582882,6,supplier
263,298165647,483561169,483561169,1,plant
263,298165647,483561169,918209348,2,pod
263,298165647,483561169,832722601,3,pol
263,298165647,483561169,387175347,4,platform
263,298165647,483561169,298165647,5,supplier
264,14377653,57844131,57844131,1,plant
264,14377653,57844131,918209348,2,pod
264,14377653,57844131,918544568,3,pol
264,14377653,57844131,53657788,4,platform
264,14377653,57844131,14377653,5,supplier
265,292697312,57844131,57844131,1,plant
265,292697312,57844131,918209348,2,pod
265,292697312,57844131,918544568,3,pol
265,292697312,57844131,53657788,4,platform
265,292697312,57844131,853788440,5,platform
265,292697312,57844131,292697312,6,supplier
266,48845116,57844131,57844131,1,plant
266,48845116,57844131,48845116,2,supplier
267,144727311,57844131,57844131,1,plant
267,144727311,57844131,918209348,2,pod
267,144727311,57844131,918544568,3,pol
267,144727311,57844131,53657788,4,platform
267,144727311,57844131,853788440,5,platform
267,144727311,57844131,144727311,6,supplier
268,551896330,316419034,316419034,1,plant
268,551896330,316419034,918209348,2,pod
268,551896330,316419034,832722601,3,pol
268,551896330,316419034,387175347,4,platform
268,551896330,316419034,551896330,5,supplier
269,227473958,57844131,57844131,1,plant
269,227473958,57844131,918209348,2,pod
269,227473958,57844131,918544568,3,pol
269,227473958,57844131,53657788,4,platform
269,227473958,57844131,227473958,5,supplier
270,356857726,483561169,483561169,1,plant
270,356857726,483561169,356857726,2,supplier
271,32619691,483561169,483561169,1,plant
271,32619691,483561169,918209348,2,pod
271,32619691,483561169,918544568,3,pol
271,32619691,483561169,53657788,4,platform
271,32619691,483561169,32619691,5,supplier
272,571793493,483561169,483561169,1,plant
272,571793493,483561169,571793493,2,supplier
273,883666373,993578920,993578920,1,plant
273,883666373,993578920,918209348,2,pod
273,883666373,993578920,832722601,3,pol
273,883666373,993578920,387175347,4,platform
273,883666373,993578920,180858621,5,platform
273,883666373,993578920,883666373,6,supplier
274,602109632,316419034,316419034,1,plant
274,602109632,316419034,918209348,2,pod
274,602109632,316419034,918544568,3,pol
274,602109632,316419034,314585116,4,platform
274,602109632,316419034,163230001,5,platform
274,602109632,316419034,602109632,6,supplier
275,738383798,483561169,483561169,1,plant
275,738383798,483561169,862596923,2,platform
275,738383798,483561169,738383798,3,supplier
276,88158556,57844131,57844131,1,plant
276,88158556,57844131,918209348,2,pod
276,88158556,57844131,918544568,3,pol
276,88158556,57844131,53657788,4,platform
276,88158556,57844131,853788440,5,platform
276,88158556,57844131,88158556,6,supplier
277,900362772,57844131,57844131,1,plant
277,900362772,57844131,918209348,2,pod
277,900362772,57844131,918544568,3,pol
277,900362772,57844131,314585116,4,platform
277,900362772,57844131,163230001,5,platform
277,900362772,57844131,419974127,6,platform
277,900362772,57844131,900362772,7,supplier
278,875185193,316419034,316419034,1,plant
278,875185193,316419034,918209348,2,pod
278,875185193,316419034,918544568,3,pol
278,875185193,316419034,314585116,4,platform
278,875185193,316419034,163230001,5,platform
278,875185193,316419034,419974127,6,platform
278,875185193,316419034,875185193,7,supplier
279,695608812,57844131,57844131,1,plant
279,695608812,57844131,918209348,2,pod
279,695608812,57844131,918544568,3,pol
279,695608812,57844131,314585116,4,platform
279,695608812,57844131,163230001,5,platform
279,695608812,57844131,419974127,6,platform
279,695608812,57844131,695608812,7,supplier
280,245883420,581313122,581313122,1,plant
280,245883420,581313122,20404874,2,pod
280,245883420,581313122,918544568,3,pol
280,245883420,581313122,53657788,4,platform
280,245883420,581313122,245883420,5,supplier
281,454237200,483561169,483561169,1,plant
281,454237200,483561169,918209348,2,pod
281,454237200,483561169,832722601,3,pol
281,454237200,483561169,387175347,4,platform
281,454237200,483561169,180858621,5,platform
281,454237200,483561169,454237200,6,supplier
282,610023955,581313122,581313122,1,plant
282,610023955,581313122,20404874,2,pod
282,610023955,581313122,918544568,3,pol
282,610023955,581313122,314585116,4,platform
282,610023955,581313122,163230001,5,platform
282,610023955,581313122,419974127,6,platform
282,610023955,581313122,610023955,7,supplier
283,88158556,483561169,483561169,1,plant
283,88158556,483561169,918209348,2,pod
283,88158556,483561169,918544568,3,pol
283,88158556,483561169,53657788,4,platform
283,88158556,483561169,853788440,5,platform
283,88158556,483561169,88158556,6,supplier
284,104241995,57844131,57844131,1,plant
284,104241995,57844131,918209348,2,pod
284,104241995,57844131,918544568,3,pol
284,104241995,57844131,314585116,4,platform
284,104241995,57844131,104241995,5,supplier
285,446680672,993578920,993578920,1,plant
285,446680672,993578920,918209348,2,pod
285,446680672,993578920,832722601,3,pol
285,446680672,993578920,387175347,4,platform
285,446680672,993578920,446680672,5,supplier
286,116969854,316419034,316419034,1,plant
286,116969854,316419034,918209348,2,pod
286,116969854,316419034,918544568,3,pol
286,116969854,316419034,53657788,4,platform
286,116969854,316419034,853788440,5,platform
286,116969854,316419034,116969854,6,supplier
287,24534301,316419034,316419034,1,plant
287,24534301,316419034,918209348,2,pod
287,24534301,316419034,832722601,3,pol
287,24534301,316419034,387175347,4,platform
287,24534301,316419034,24534301,5,supplier
288,670500147,316419034,316419034,1,plant
288,670500147,316419034,918209348,2,pod
288,670500147,316419034,918544568,3,pol
288,670500147,316419034,53657788,4,platform
288,670500147,316419034,670500147,5,supplier
289,153981703,57844131,57844131,1,plant
289,153981703,57844131,179552971,2,platform
289,153981703,57844131,153981703,3,supplier
290,692502699,483561169,483561169,1,plant
290,692502699,483561169,918209348,2,pod
290,692502699,483561169,832722601,3,pol
290,692502699,483561169,387175347,4,platform
290,692502699,483561169,180858621,5,platform
290,692502699,483561169,692502699,6,supplier
291,615472538,581313122,581313122,1,plant
291,615472538,581313122,20404874,2,pod
291,615472538,581313122,918544568,3,pol
291,615472538,581313122,53657788,4,platform
291,615472538,581313122,615472538,5,supplier
292,599351938,316419034,316419034,1,plant
292,599351938,316419034,599351938,2,supplier
293,17765837,316419034,316419034,1,plant
293,17765837,316419034,918209348,2,pod
293,17765837,316419034,832722601,3,pol
293,17765837,316419034,387175347,4,platform
293,17765837,316419034,17765837,5,supplier
294,117724745,483561169,483561169,1,plant
294,117724745,483561169,918209348,2,pod
294,117724745,483561169,918544568,3,pol
294,117724745,483561169,314585116,4,platform
294,117724745,483561169,163230001,5,platform
294,117724745,483561169,419974127,6,platform
294,117724745,483561169,117724745,7,supplier
295,715438714,316419034,316419034,1,plant
295,715438714,316419034,918209348,2,pod
295,715438714,316419034,918544568,3,pol
295,715438714,316419034,53657788,4,platform
295,715438714,316419034,715438714,5,supplier
296,571395758,993578920,993578920,1,plant
296,571395758,993578920,918209348,2,pod
296,571395758,993578920,918544568,3,pol
296,571395758,993578920,53657788,4,platform
296,571395758,993578920,571395758,5,supplier
297,680948076,316419034,316419034,1,plant
297,680948076,316419034,918209348,2,pod
297,680948076,316419034,918544568,3,pol
297,680948076,316419034,314585116,4,platform
297,680948076,316419034,163230001,5,platform
297,680948076,316419034,419974127,6,platform
297,680948076,316419034,680948076,7,supplier
298,747625040,57844131,57844131,1,plant
298,747625040,57844131,918209348,2,pod
298,747625040,57844131,918544568,3,pol
298,747625040,57844131,314585116,4,platform
298,747625040,57844131,163230001,5,platform
298,747625040,57844131,747625040,6,supplier
299,520652348,483561169,483561169,1,plant
299,520652348,483561169,918209348,2,pod
299,520652348,483561169,918544568,3,pol
299,520652348,483561169,53657788,4,platform
299,520652348,483561169,520652348,5,supplier
300,200624300,57844131,57844131,1,plant
300,200624300,57844131,918209348,2,pod
300,200624300,57844131,832722601,3,pol
300,200624300,57844131,387175347,4,platform
300,200624300,57844131,200624300,5,supplier
301,571395758,316419034,316419034,1,plant
301,571395758,316419034,918209348,2,pod
301,571395758,316419034,918544568,3,pol
301,571395758,316419034,53657788,4,platform
301,571395758,316419034,571395758,5,supplier
302,497202606,316419034,316419034,1,plant
302,497202606,316419034,918209348,2,pod
302,497202606,316419034,918544568,3,pol
302,497202606,316419034,314585116,4,platform
302,497202606,316419034,163230001,5,platform
302,497202606,316419034,497202606,6,supplier
303,255866357,57844131,57844131,1,plant
303,255866357,57844131,918209348,2,pod
303,255866357,57844131,918544568,3,pol
303,255866357,57844131,53657788,4,platform
303,255866357,57844131,255866357,5,supplier
304,201124244,57844131,57844131,1,plant
304,201124244,57844131,918209348,2,pod
304,201124244,57844131,918544568,3,pol
304,201124244,57844131,53657788,4,platform
304,201124244,57844131,201124244,5,supplier
305,648372677,316419034,316419034,1,plant
305,648372677,316419034,918209348,2,pod
305,648372677,316419034,918544568,3,pol
305,648372677,316419034,314585116,4,platform
305,648372677,316419034,163230001,5,platform
305,648372677,316419034,648372677,6,supplier
306,14377653,483561169,483561169,1,plant
306,14377653,483561169,918209348,2,pod
306,14377653,483561169,918544568,3,pol
306,14377653,483561169,53657788,4,platform
306,14377653,483561169,14377653,5,supplier
307,718365076,57844131,57844131,1,plant
307,718365076,57844131,918209348,2,pod
307,718365076,57844131,918544568,3,pol
307,718365076,57844131,314585116,4,platform
307,718365076,57844131,163230001,5,platform
307,718365076,57844131,419974127,6,platform
307,718365076,57844131,718365076,7,supplier
308,798148952,581313122,581313122,1,plant
308,798148952,581313122,798148952,2,supplier
309,87469735,316419034,316419034,1,plant
309,87469735,316419034,918209348,2,pod
309,87469735,316419034,832722601,3,pol
309,87469735,316419034,387175347,4,platform
309,87469735,316419034,87469735,5,supplier
310,549323926,57844131,57844131,1,plant
310,549323926,57844131,918209348,2,pod
310,549323926,57844131,918544568,3,pol
310,549323926,57844131,53657788,4,platform
310,549323926,57844131,853788440,5,platform
310,549323926,57844131,549323926,6,supplier
311,725901106,316419034,316419034,1,plant
311,725901106,316419034,918209348,2,pod
311,725901106,316419034,918544568,3,pol
311,725901106,316419034,314585116,4,platform
311,725901106,316419034,163230001,5,platform
311,725901106,316419034,419974127,6,platform
311,725901106,316419034,725901106,7,supplier
312,591669998,581313122,581313122,1,plant
312,591669998,581313122,20404874,2,pod
312,591669998,581313122,918544568,3,pol
312,591669998,581313122,53657788,4,platform
312,591669998,581313122,188609814,5,pod
312,591669998,581313122,832722601,6,pol
312,591669998,581313122,387175347,7,platform
312,591669998,581313122,591669998,8,supplier
